country,year,refugeeByCountryOfAsylum,refugeeByCountryOfOrigin
Afghanistan,1996,18775,2674236
Afghanistan,1997,5,2676674
Afghanistan,1998,,2667115
Afghanistan,1999,,2601691
Afghanistan,2000,,3587336
Afghanistan,2001,6,3809767
Afghanistan,2002,3,2510294
Afghanistan,2003,22,2136043
Afghanistan,2004,30,2414401
Afghanistan,2005,32,2166149
Afghanistan,2006,35,2107519
Afghanistan,2007,42,3057661
Afghanistan,2008,37,2833128
Afghanistan,2009,37,2887123
Afghanistan,2010,6434,3054709
Afghanistan,2011,3009,2664436
Afghanistan,2012,16187,2586152
Afghanistan,2013,16863,2556502
Afghanistan,2014,300423,2596270
Afghanistan,2015,257554,2666305
Afghanistan,2016,59770,2501410
Albania,1996,4925,5785
Albania,1997,30,5379
Albania,1998,22332,5353
Albania,1999,3930,6288
Albania,2000,523,6802
Albania,2001,292,7626
Albania,2002,17,10761
Albania,2003,26,10385
Albania,2004,51,10470
Albania,2005,56,12722
Albania,2006,56,14080
Albania,2007,77,15340
Albania,2008,65,15006
Albania,2009,70,15711
Albania,2010,76,14772
Albania,2011,82,13551
Albania,2012,86,12568
Albania,2013,93,10103
Albania,2014,104,10158
Albania,2015,104,10408
Albania,2016,111,11050
Algeria,1996,190267,2247
Algeria,1997,170746,3418
Algeria,1998,165226,5727
Algeria,1999,165249,7151
Algeria,2000,169656,8034
Algeria,2001,169422,8418
Algeria,2002,169233,12107
Algeria,2003,169033,11667
Algeria,2004,169048,10691
Algeria,2005,94101,12041
Algeria,2006,94180,8353
Algeria,2007,94137,10615
Algeria,2008,94093,9060
Algeria,2009,94137,8185
Algeria,2010,94144,6689
Algeria,2011,94148,6121
Algeria,2012,94133,5677
Algeria,2013,94150,3660
Algeria,2014,94128,3524
Algeria,2015,94182,3490
Algeria,2016,94220,3675
Angola,1996,9381,249687
Angola,1997,9364,267696
Angola,1998,10605,319430
Angola,1999,13071,353478
Angola,2000,12086,433760
Angola,2001,12250,470625
Angola,2002,12250,435421
Angola,2003,13382,329583
Angola,2004,13970,228838
Angola,2005,13984,215827
Angola,2006,13090,206501
Angola,2007,12069,186155
Angola,2008,12710,171393
Angola,2009,14734,141021
Angola,2010,15155,134858
Angola,2011,16223,128664
Angola,2012,23413,19258
Angola,2013,23783,10286
Angola,2014,15474,9484
Angola,2015,15555,11869
Angola,2016,15537,8363
Argentina,1996,10430,217
Argentina,1997,10522,159
Argentina,1998,2270,142
Argentina,1999,2345,586
Argentina,2000,2396,609
Argentina,2001,2396,659
Argentina,2002,2439,771
Argentina,2003,2642,784
Argentina,2004,2916,796
Argentina,2005,3074,856
Argentina,2006,3158,894
Argentina,2007,3263,1171
Argentina,2008,2845,1047
Argentina,2009,3230,608
Argentina,2010,3276,557
Argentina,2011,3361,518
Argentina,2012,3488,447
Argentina,2013,3362,388
Argentina,2014,3498,318
Argentina,2015,3207,194
Argentina,2016,3222,115
Armenia,1996,218950,203231
Armenia,1997,219000,203690
Armenia,1998,310012,193150
Armenia,1999,296216,193231
Armenia,2000,280591,5786
Armenia,2001,264337,7207
Armenia,2002,247550,13249
Armenia,2003,239289,13162
Armenia,2004,235235,13424
Armenia,2005,219550,13965
Armenia,2006,113714,14918
Armenia,2007,4566,15436
Armenia,2008,3953,16336
Armenia,2009,3607,18000
Armenia,2010,3296,17547
Armenia,2011,2918,16487
Armenia,2012,2854,15935
Armenia,2013,13732,11998
Armenia,2014,17640,11848
Armenia,2015,19319,11214
Armenia,2016,17873,10687
Australia,1996,67313,1
Australia,1997,66074,2
Australia,1998,69745,1
Australia,1999,64918,3
Australia,2000,60246,3
Australia,2001,57895,1
Australia,2002,59436,10
Australia,2003,56258,15
Australia,2004,63476,13
Australia,2005,64964,44
Australia,2006,68948,29
Australia,2007,22164,63
Australia,2008,20919,43
Australia,2009,22548,28
Australia,2010,21805,37
Australia,2011,23434,39
Australia,2012,30083,48
Australia,2013,34503,28
Australia,2014,35582,25
Australia,2015,36917,20
Australia,2016,42107,
Austria,1996,89116,52
Austria,1997,84394,55
Austria,1998,80300,60
Austria,1999,82081,48
Austria,2000,15492,35
Austria,2001,14390,29
Austria,2002,14130,72
Austria,2003,16109,66
Austria,2004,17795,47
Austria,2005,21230,66
Austria,2006,25486,34
Austria,2007,30773,23
Austria,2008,37557,14
Austria,2009,38906,12
Austria,2010,42630,10
Austria,2011,47073,11
Austria,2012,51730,12
Austria,2013,55598,10
Austria,2014,60747,10
Austria,2015,72216,4
Austria,2016,93182,
Azerbaijan,1996,233692,236086
Azerbaijan,1997,233715,234950
Azerbaijan,1998,221635,329657
Azerbaijan,1999,221643,311131
Azerbaijan,2000,287,284277
Azerbaijan,2001,367,268759
Azerbaijan,2002,458,260214
Azerbaijan,2003,326,253255
Azerbaijan,2004,8606,250583
Azerbaijan,2005,3004,233675
Azerbaijan,2006,2618,126068
Azerbaijan,2007,2352,15916
Azerbaijan,2008,2061,16319
Azerbaijan,2009,1642,16939
Azerbaijan,2010,1891,16753
Azerbaijan,2011,1730,16162
Azerbaijan,2012,1468,15537
Azerbaijan,2013,1380,10814
Azerbaijan,2014,1299,10515
Azerbaijan,2015,1278,9710
Azerbaijan,2016,1183,10087
Bahrain,1996,,63
Bahrain,1997,,82
Bahrain,1998,,97
Bahrain,1999,1,129
Bahrain,2000,1,95
Bahrain,2001,1,46
Bahrain,2002,,50
Bahrain,2003,,52
Bahrain,2004,,52
Bahrain,2005,,41
Bahrain,2006,1,62
Bahrain,2007,,73
Bahrain,2008,48,80
Bahrain,2009,139,79
Bahrain,2010,165,87
Bahrain,2011,199,215
Bahrain,2012,289,297
Bahrain,2013,294,275
Bahrain,2014,311,347
Bahrain,2015,247,421
Bahrain,2016,270,446
Bangladesh,1996,30692,57959
Bangladesh,1997,21603,44373
Bangladesh,1998,22277,4658
Bangladesh,1999,22210,4468
Bangladesh,2000,21627,5401
Bangladesh,2001,22173,5548
Bangladesh,2002,22025,5808
Bangladesh,2003,19792,5565
Bangladesh,2004,20449,5731
Bangladesh,2005,21098,7304
Bangladesh,2006,26311,7803
Bangladesh,2007,27573,10243
Bangladesh,2008,28389,10098
Bangladesh,2009,228586,10432
Bangladesh,2010,229253,10049
Bangladesh,2011,229669,10056
Bangladesh,2012,230697,10161
Bangladesh,2013,231145,9728
Bangladesh,2014,232472,10883
Bangladesh,2015,231958,12173
Bangladesh,2016,276198,13810
Barbados,1996,,2
Barbados,1997,,3
Barbados,1998,,5
Barbados,1999,,4
Barbados,2000,,8
Barbados,2001,,7
Barbados,2002,,9
Barbados,2003,,11
Barbados,2004,,7
Barbados,2005,,8
Barbados,2006,,27
Barbados,2007,,38
Barbados,2008,,34
Barbados,2009,,29
Barbados,2010,,32
Barbados,2011,,45
Barbados,2012,,55
Barbados,2013,1,67
Barbados,2014,1,86
Barbados,2015,,99
Barbados,2016,,144
Belarus,1996,30525,501
Belarus,1997,50,303
Belarus,1998,75,290
Belarus,1999,260,1507
Belarus,2000,458,2519
Belarus,2001,584,3696
Belarus,2002,618,6364
Belarus,2003,638,7815
Belarus,2004,725,8244
Belarus,2005,725,8857
Belarus,2006,690,9371
Belarus,2007,649,4970
Belarus,2008,609,5384
Belarus,2009,580,5525
Belarus,2010,589,5743
Belarus,2011,595,5925
Belarus,2012,576,6191
Belarus,2013,604,4397
Belarus,2014,925,4300
Belarus,2015,1809,4125
Belarus,2016,1632,3824
Belgium,1996,36060,5
Belgium,1997,36060,10
Belgium,1998,15509,14
Belgium,1999,16760,16
Belgium,2000,18832,19
Belgium,2001,12265,13
Belgium,2002,12578,27
Belgium,2003,12595,40
Belgium,2004,13529,45
Belgium,2005,15282,95
Belgium,2006,16820,64
Belgium,2007,17575,60
Belgium,2008,17026,61
Belgium,2009,15545,71
Belgium,2010,17892,83
Belgium,2011,22402,90
Belgium,2012,22024,93
Belgium,2013,25629,78
Belgium,2014,29179,75
Belgium,2015,35314,65
Belgium,2016,42128,44
Belize,1996,8534,3
Belize,1997,8387,
Belize,1998,3483,
Belize,1999,2891,11
Belize,2000,1250,12
Belize,2001,1129,
Belize,2002,1049,1
Belize,2003,861,10
Belize,2004,732,9
Belize,2005,624,8
Belize,2006,488,18
Belize,2007,358,17
Belize,2008,277,20
Belize,2009,230,17
Belize,2010,134,23
Belize,2011,78,32
Belize,2012,28,39
Belize,2013,21,40
Belize,2014,10,45
Belize,2015,35,51
Belize,2016,,53
Benin,1996,5960,46
Benin,1997,2918,46
Benin,1998,2903,56
Benin,1999,3657,52
Benin,2000,4296,54
Benin,2001,4799,55
Benin,2002,5021,232
Benin,2003,5034,282
Benin,2004,4802,309
Benin,2005,30294,411
Benin,2006,10797,215
Benin,2007,7621,271
Benin,2008,6933,318
Benin,2009,7205,411
Benin,2010,7139,442
Benin,2011,7217,461
Benin,2012,4966,457
Benin,2013,194,302
Benin,2014,415,340
Benin,2015,530,412
Benin,2016,799,464
Bhutan,1996,,106822
Bhutan,1997,,108703
Bhutan,1998,,105689
Bhutan,1999,,107619
Bhutan,2000,,108945
Bhutan,2001,,110845
Bhutan,2002,,112523
Bhutan,2003,,103978
Bhutan,2004,,105255
Bhutan,2005,,106537
Bhutan,2006,,108073
Bhutan,2007,,110598
Bhutan,2008,,104965
Bhutan,2009,,89070
Bhutan,2010,,75070
Bhutan,2011,,57989
Bhutan,2012,,41590
Bhutan,2013,,31567
Bhutan,2014,,23642
Bhutan,2015,,17720
Bhutan,2016,,11732
Bolivia,1996,698,177
Bolivia,1997,333,161
Bolivia,1998,349,183
Bolivia,1999,350,174
Bolivia,2000,351,175
Bolivia,2001,347,156
Bolivia,2002,350,219
Bolivia,2003,527,264
Bolivia,2004,524,285
Bolivia,2005,535,269
Bolivia,2006,567,374
Bolivia,2007,632,428
Bolivia,2008,664,454
Bolivia,2009,679,573
Bolivia,2010,695,590
Bolivia,2011,716,611
Bolivia,2012,733,618
Bolivia,2013,748,601
Bolivia,2014,763,600
Bolivia,2015,775,571
Bolivia,2016,761,515
Bosnia and Herzegovina,1996,,993868
Bosnia and Herzegovina,1997,40000,849241
Bosnia and Herzegovina,1998,40000,640075
Bosnia and Herzegovina,1999,65645,598193
Bosnia and Herzegovina,2000,38152,504981
Bosnia and Herzegovina,2001,32745,447321
Bosnia and Herzegovina,2002,28022,406448
Bosnia and Herzegovina,2003,22517,300006
Bosnia and Herzegovina,2004,22215,228831
Bosnia and Herzegovina,2005,10568,109930
Bosnia and Herzegovina,2006,10318,199946
Bosnia and Herzegovina,2007,7367,78273
Bosnia and Herzegovina,2008,7257,74366
Bosnia and Herzegovina,2009,7132,70018
Bosnia and Herzegovina,2010,7016,63004
Bosnia and Herzegovina,2011,6933,58578
Bosnia and Herzegovina,2012,6903,51822
Bosnia and Herzegovina,2013,6926,26790
Bosnia and Herzegovina,2014,6890,21888
Bosnia and Herzegovina,2015,6798,18769
Bosnia and Herzegovina,2016,5256,18179
Botswana,1996,214,23
Botswana,1997,281,17
Botswana,1998,2137,16
Botswana,1999,1296,10
Botswana,2000,3551,3
Botswana,2001,3581,2
Botswana,2002,2805,5
Botswana,2003,2838,5
Botswana,2004,2839,6
Botswana,2005,3109,4
Botswana,2006,3160,12
Botswana,2007,2465,16
Botswana,2008,3019,26
Botswana,2009,3022,30
Botswana,2010,2986,53
Botswana,2011,3312,85
Botswana,2012,2785,127
Botswana,2013,2773,168
Botswana,2014,2645,237
Botswana,2015,2130,308
Botswana,2016,2080,265
Brazil,1996,2212,85
Brazil,1997,2260,104
Brazil,1998,2347,136
Brazil,1999,2378,196
Brazil,2000,2722,224
Brazil,2001,2884,254
Brazil,2002,3182,441
Brazil,2003,3193,378
Brazil,2004,3345,403
Brazil,2005,3458,370
Brazil,2006,3492,707
Brazil,2007,20783,1624
Brazil,2008,3852,1404
Brazil,2009,4232,973
Brazil,2010,4357,994
Brazil,2011,4477,1045
Brazil,2012,4689,1076
Brazil,2013,5196,985
Brazil,2014,7490,977
Brazil,2015,8707,895
Brazil,2016,9634,793
British Virgin Islands,1996,,
British Virgin Islands,1997,,
British Virgin Islands,1998,,
British Virgin Islands,1999,,
British Virgin Islands,2000,,
British Virgin Islands,2001,,
British Virgin Islands,2002,,
British Virgin Islands,2003,,
British Virgin Islands,2004,,
British Virgin Islands,2005,,
British Virgin Islands,2006,,
British Virgin Islands,2007,,
British Virgin Islands,2008,,
British Virgin Islands,2009,,
British Virgin Islands,2010,2,
British Virgin Islands,2011,2,
British Virgin Islands,2012,2,
British Virgin Islands,2013,,
British Virgin Islands,2014,,
British Virgin Islands,2015,,
British Virgin Islands,2016,,
Brunei Darussalam,1996,,
Brunei Darussalam,1997,,
Brunei Darussalam,1998,,
Brunei Darussalam,1999,,
Brunei Darussalam,2000,,
Brunei Darussalam,2001,,
Brunei Darussalam,2002,,2
Brunei Darussalam,2003,,1
Brunei Darussalam,2004,,1
Brunei Darussalam,2005,,49
Brunei Darussalam,2006,,2
Brunei Darussalam,2007,,2
Brunei Darussalam,2008,,1
Brunei Darussalam,2009,,1
Brunei Darussalam,2010,,1
Brunei Darussalam,2011,,1
Brunei Darussalam,2012,,1
Brunei Darussalam,2013,,1
Brunei Darussalam,2014,,1
Brunei Darussalam,2015,,
Brunei Darussalam,2016,,
Bulgaria,1996,1430,3246
Bulgaria,1997,390,3048
Bulgaria,1998,240,3122
Bulgaria,1999,547,2653
Bulgaria,2000,1474,2404
Bulgaria,2001,3004,2121
Bulgaria,2002,3658,2841
Bulgaria,2003,4068,2567
Bulgaria,2004,4684,2215
Bulgaria,2005,4413,4254
Bulgaria,2006,4504,3438
Bulgaria,2007,4836,3311
Bulgaria,2008,5129,3040
Bulgaria,2009,5393,2745
Bulgaria,2010,5530,2559
Bulgaria,2011,5688,2327
Bulgaria,2012,2288,2147
Bulgaria,2013,4320,1880
Bulgaria,2014,11046,1648
Bulgaria,2015,16557,1269
Bulgaria,2016,17774,794
Burkina Faso,1996,28381,72
Burkina Faso,1997,1801,118
Burkina Faso,1998,564,103
Burkina Faso,1999,675,106
Burkina Faso,2000,696,130
Burkina Faso,2001,457,98
Burkina Faso,2002,457,978
Burkina Faso,2003,466,853
Burkina Faso,2004,492,583
Burkina Faso,2005,511,607
Burkina Faso,2006,511,376
Burkina Faso,2007,535,558
Burkina Faso,2008,557,725
Burkina Faso,2009,543,990
Burkina Faso,2010,531,1145
Burkina Faso,2011,546,1271
Burkina Faso,2012,39306,1460
Burkina Faso,2013,29234,1584
Burkina Faso,2014,31894,1857
Burkina Faso,2015,34017,2148
Burkina Faso,2016,32546,2327
Burundi,1996,20733,428680
Burundi,1997,22028,519123
Burundi,1998,25093,502568
Burundi,1999,22109,527449
Burundi,2000,27136,568084
Burundi,2001,27896,553999
Burundi,2002,40533,574557
Burundi,2003,40971,531637
Burundi,2004,48808,485773
Burundi,2005,20681,438706
Burundi,2006,13176,396541
Burundi,2007,24483,375727
Burundi,2008,21093,281592
Burundi,2009,24967,94239
Burundi,2010,29365,84064
Burundi,2011,35659,101288
Burundi,2012,41813,73363
Burundi,2013,45490,72647
Burundi,2014,52936,72493
Burundi,2015,53363,292764
Burundi,2016,57462,408036
Cabo Verde,1996,,2
Cabo Verde,1997,,2
Cabo Verde,1998,,1
Cabo Verde,1999,,2
Cabo Verde,2000,,2
Cabo Verde,2001,,4
Cabo Verde,2002,,8
Cabo Verde,2003,,9
Cabo Verde,2004,,8
Cabo Verde,2005,,5
Cabo Verde,2006,,40
Cabo Verde,2007,,32
Cabo Verde,2008,,30
Cabo Verde,2009,,24
Cabo Verde,2010,,25
Cabo Verde,2011,,27
Cabo Verde,2012,,25
Cabo Verde,2013,,28
Cabo Verde,2014,,27
Cabo Verde,2015,,28
Cabo Verde,2016,,
Cambodia,1996,16,62244
Cambodia,1997,14,103246
Cambodia,1998,21,76576
Cambodia,1999,21,38320
Cambodia,2000,34,36855
Cambodia,2001,50,34759
Cambodia,2002,200,33456
Cambodia,2003,76,31407
Cambodia,2004,382,18121
Cambodia,2005,127,17806
Cambodia,2006,99,17965
Cambodia,2007,179,17704
Cambodia,2008,164,17253
Cambodia,2009,135,17025
Cambodia,2010,129,16314
Cambodia,2011,64,15205
Cambodia,2012,77,14024
Cambodia,2013,68,13747
Cambodia,2014,63,13071
Cambodia,2015,76,12803
Cambodia,2016,61,12408
Cameroon,1996,46407,2109
Cameroon,1997,47057,2258
Cameroon,1998,47826,1348
Cameroon,1999,49227,1654
Cameroon,2000,43680,2062
Cameroon,2001,41186,2724
Cameroon,2002,58288,5225
Cameroon,2003,58583,6206
Cameroon,2004,58861,7629
Cameroon,2005,52042,9101
Cameroon,2006,35083,10384
Cameroon,2007,60137,11508
Cameroon,2008,81037,13870
Cameroon,2009,99957,14766
Cameroon,2010,104275,14963
Cameroon,2011,100373,15163
Cameroon,2012,98969,13382
Cameroon,2013,114753,11427
Cameroon,2014,264126,10766
Cameroon,2015,342973,10586
Cameroon,2016,375393,10328
Canada,1996,138435,8
Canada,1997,125184,11
Canada,1998,119371,15
Canada,1999,123316,18
Canada,2000,126991,26
Canada,2001,129224,4
Canada,2002,129950,51
Canada,2003,133094,60
Canada,2004,141398,56
Canada,2005,147171,122
Canada,2006,151827,95
Canada,2007,175741,530
Canada,2008,173651,101
Canada,2009,169434,99
Canada,2010,165549,90
Canada,2011,164883,109
Canada,2012,163756,123
Canada,2013,160349,99
Canada,2014,149163,95
Canada,2015,135888,80
Canada,2016,97311,76
Central African Republic,1996,36564,240
Central African Republic,1997,38499,149
Central African Republic,1998,43013,173
Central African Republic,1999,49314,196
Central African Republic,2000,55661,139
Central African Republic,2001,49239,28704
Central African Republic,2002,50725,25376
Central African Republic,2003,44753,35400
Central African Republic,2004,25020,31069
Central African Republic,2005,24569,42890
Central African Republic,2006,12357,71685
Central African Republic,2007,7535,98104
Central African Republic,2008,7429,125106
Central African Republic,2009,27047,159554
Central African Republic,2010,21574,164905
Central African Republic,2011,16730,162862
Central African Republic,2012,14014,164568
Central African Republic,2013,14322,252867
Central African Republic,2014,7694,412041
Central African Republic,2015,7330,471105
Central African Republic,2016,12107,490869
Chad,1996,100,58445
Chad,1997,302,55025
Chad,1998,8810,61298
Chad,1999,23478,58797
Chad,2000,17692,54962
Chad,2001,12950,46294
Chad,2002,33455,47349
Chad,2003,146400,52275
Chad,2004,259880,52663
Chad,2005,275412,48400
Chad,2006,286743,36300
Chad,2007,294017,55722
Chad,2008,330510,55105
Chad,2009,338495,55014
Chad,2010,347939,53733
Chad,2011,366494,42640
Chad,2012,373695,39694
Chad,2013,434479,48640
Chad,2014,452897,48258
Chad,2015,369540,14940
Chad,2016,391235,14146
Chile,1996,313,12805
Chile,1997,276,9776
Chile,1998,305,7011
Chile,1999,323,1543
Chile,2000,364,860
Chile,2001,389,834
Chile,2002,413,1709
Chile,2003,466,1555
Chile,2004,569,1194
Chile,2005,806,938
Chile,2006,1134,805
Chile,2007,1376,970
Chile,2008,1613,994
Chile,2009,1539,1312
Chile,2010,1621,1170
Chile,2011,1674,1189
Chile,2012,1695,1152
Chile,2013,1743,596
Chile,2014,1773,579
Chile,2015,1849,561
Chile,2016,1716,490
China,1996,290100,105810
China,1997,291507,106738
China,1998,292345,109402
China,1999,293299,111952
China,2000,294110,110975
China,2001,295325,117409
China,2002,297277,132115
China,2003,299354,132406
China,2004,299375,134724
China,2005,301041,124101
China,2006,301027,140598
China,2007,301078,149095
China,2008,300967,175180
China,2009,300989,180558
China,2010,300986,184602
China,2011,301018,190369
China,2012,301037,193453
China,2013,301047,195133
China,2014,301052,210802
China,2015,301052,212912
China,2016,317239,207733
Colombia,1996,220,2168
Colombia,1997,223,2377
Colombia,1998,226,3538
Colombia,1999,230,4413
Colombia,2000,239,9279
Colombia,2001,210,17938
Colombia,2002,205,30625
Colombia,2003,186,37995
Colombia,2004,141,47381
Colombia,2005,155,60450
Colombia,2006,143,72796
Colombia,2007,168,551744
Colombia,2008,170,373532
Colombia,2009,196,389753
Colombia,2010,212,395577
Colombia,2011,219,395949
Colombia,2012,219,394117
Colombia,2013,224,396717
Colombia,2014,213,360298
Colombia,2015,226,340127
Colombia,2016,221,311051
Comoros,1996,,13
Comoros,1997,,10
Comoros,1998,,33
Comoros,1999,9,31
Comoros,2000,11,28
Comoros,2001,13,26
Comoros,2002,,43
Comoros,2003,,58
Comoros,2004,,50
Comoros,2005,1,61
Comoros,2006,1,72
Comoros,2007,,96
Comoros,2008,,378
Comoros,2009,,268
Comoros,2010,,368
Comoros,2011,,422
Comoros,2012,,454
Comoros,2013,,513
Comoros,2014,,581
Comoros,2015,,551
Comoros,2016,,557
DR Congo,1996,675973,158794
DR Congo,1997,297538,173995
DR Congo,1998,240214,158833
DR Congo,1999,285270,255950
DR Congo,2000,332509,371713
DR Congo,2001,362012,392146
DR Congo,2002,332978,421362
DR Congo,2003,234033,453465
DR Congo,2004,199323,462208
DR Congo,2005,204341,430929
DR Congo,2006,208371,401914
DR Congo,2007,177390,370374
DR Congo,2008,155162,367995
DR Congo,2009,185809,455852
DR Congo,2010,166336,476693
DR Congo,2011,152749,491481
DR Congo,2012,65109,509290
DR Congo,2013,113362,499563
DR Congo,2014,119754,516771
DR Congo,2015,383095,541496
DR Congo,2016,451947,537429
Congo,1996,20451,221
Congo,1997,20697,21147
Congo,1998,27174,17143
Congo,1999,39870,27302
Congo,2000,123190,27579
Congo,2001,119147,24237
Congo,2002,109201,28002
Congo,2003,91362,28958
Congo,2004,68536,28152
Congo,2005,66075,24438
Congo,2006,55788,20609
Congo,2007,38472,19735
Congo,2008,24779,19925
Congo,2009,111411,20544
Congo,2010,133112,20679
Congo,2011,141232,12839
Congo,2012,98455,12119
Congo,2013,51037,11753
Congo,2014,54842,14500
Congo,2015,44955,14781
Congo,2016,46439,13231
Costa Rica,1996,23176,139
Costa Rica,1997,23114,90
Costa Rica,1998,22986,54
Costa Rica,1999,22903,76
Costa Rica,2000,5519,57
Costa Rica,2001,8104,86
Costa Rica,2002,12433,98
Costa Rica,2003,13508,92
Costa Rica,2004,10413,138
Costa Rica,2005,11253,178
Costa Rica,2006,11515,284
Costa Rica,2007,17190,361
Costa Rica,2008,18136,354
Costa Rica,2009,19116,344
Costa Rica,2010,19505,352
Costa Rica,2011,20057,331
Costa Rica,2012,20449,325
Costa Rica,2013,20569,463
Costa Rica,2014,20744,417
Costa Rica,2015,3616,379
Costa Rica,2016,4152,197
Cote d'Ivoire,1996,327696,268
Cote d'Ivoire,1997,208502,360
Cote d'Ivoire,1998,151182,537
Cote d'Ivoire,1999,138429,562
Cote d'Ivoire,2000,120691,773
Cote d'Ivoire,2001,126239,858
Cote d'Ivoire,2002,44749,23741
Cote d'Ivoire,2003,75971,33637
Cote d'Ivoire,2004,72088,23655
Cote d'Ivoire,2005,41627,18338
Cote d'Ivoire,2006,27288,26315
Cote d'Ivoire,2007,24647,22232
Cote d'Ivoire,2008,24811,22227
Cote d'Ivoire,2009,24604,23153
Cote d'Ivoire,2010,26218,41758
Cote d'Ivoire,2011,24221,154824
Cote d'Ivoire,2012,3980,100720
Cote d'Ivoire,2013,2980,85652
Cote d'Ivoire,2014,1925,71966
Cote d'Ivoire,2015,1980,71115
Cote d'Ivoire,2016,1377,46741
Croatia,1996,165395,310088
Croatia,1997,68863,349307
Croatia,1998,29027,338089
Croatia,1999,28374,353725
Croatia,2000,22437,335199
Croatia,2001,21875,290279
Croatia,2002,8392,274818
Croatia,2003,4387,230189
Croatia,2004,3663,215475
Croatia,2005,2927,119148
Croatia,2006,2443,93767
Croatia,2007,1642,100423
Croatia,2008,1597,97012
Croatia,2009,1238,76478
Croatia,2010,936,65861
Croatia,2011,824,62649
Croatia,2012,724,62606
Croatia,2013,684,49756
Croatia,2014,726,40122
Croatia,2015,522,33451
Croatia,2016,255,26211
Cuba,1996,1694,25462
Cuba,1997,1280,24913
Cuba,1998,1067,23559
Cuba,1999,967,23328
Cuba,2000,954,20084
Cuba,2001,1036,18959
Cuba,2002,1005,18043
Cuba,2003,836,16093
Cuba,2004,795,15659
Cuba,2005,706,19000
Cuba,2006,667,33580
Cuba,2007,615,7503
Cuba,2008,525,7938
Cuba,2009,454,7549
Cuba,2010,411,7477
Cuba,2011,384,7856
Cuba,2012,371,7731
Cuba,2013,384,7460
Cuba,2014,280,7502
Cuba,2015,303,6833
Cuba,2016,312,5925
Cyprus,1996,49,10
Cyprus,1997,43,8
Cyprus,1998,84,11
Cyprus,1999,117,16
Cyprus,2000,76,11
Cyprus,2001,83,5
Cyprus,2002,173,7
Cyprus,2003,349,5
Cyprus,2004,531,2
Cyprus,2005,701,5
Cyprus,2006,924,5
Cyprus,2007,1194,9
Cyprus,2008,1465,10
Cyprus,2009,2888,11
Cyprus,2010,3394,13
Cyprus,2011,3503,11
Cyprus,2012,3631,11
Cyprus,2013,3883,10
Cyprus,2014,5126,10
Cyprus,2015,7067,4
Cyprus,2016,8433,
Czech Republic,1996,2266,977
Czech Republic,1997,1731,698
Czech Republic,1998,1805,1934
Czech Republic,1999,1232,1243
Czech Republic,2000,1186,810
Czech Republic,2001,1216,1179
Czech Republic,2002,1297,6984
Czech Republic,2003,1516,6702
Czech Republic,2004,1144,4542
Czech Republic,2005,1802,3589
Czech Republic,2006,1887,2138
Czech Republic,2007,2037,1384
Czech Republic,2008,2110,1358
Czech Republic,2009,2323,1067
Czech Republic,2010,2449,817
Czech Republic,2011,2449,763
Czech Republic,2012,2805,622
Czech Republic,2013,2979,991
Czech Republic,2014,3137,1327
Czech Republic,2015,3644,1285
Czech Republic,2016,3580,1266
Denmark,1996,66373,34
Denmark,1997,68122,33
Denmark,1998,69015,28
Denmark,1999,69006,25
Denmark,2000,71035,25
Denmark,2001,73284,3
Denmark,2002,73597,8
Denmark,2003,69858,10
Denmark,2004,65310,10
Denmark,2005,44374,12
Denmark,2006,36659,12
Denmark,2007,26788,14
Denmark,2008,23401,11
Denmark,2009,20355,10
Denmark,2010,17922,9
Denmark,2011,13399,9
Denmark,2012,11814,9
Denmark,2013,13170,10
Denmark,2014,17785,12
Denmark,2015,27326,9
Denmark,2016,33436,
Djibouti,1996,25076,18101
Djibouti,1997,23590,8142
Djibouti,1998,23582,3219
Djibouti,1999,23271,1879
Djibouti,2000,23243,1910
Djibouti,2001,23176,452
Djibouti,2002,21702,471
Djibouti,2003,27034,522
Djibouti,2004,18035,495
Djibouti,2005,10456,504
Djibouti,2006,9259,486
Djibouti,2007,6651,648
Djibouti,2008,9228,650
Djibouti,2009,12111,622
Djibouti,2010,15104,566
Djibouti,2011,20340,602
Djibouti,2012,19139,640
Djibouti,2013,20015,762
Djibouti,2014,20530,879
Djibouti,2015,19365,1069
Djibouti,2016,17678,1417
Dominican Republic,1996,640,29
Dominican Republic,1997,638,47
Dominican Republic,1998,614,42
Dominican Republic,1999,625,45
Dominican Republic,2000,510,47
Dominican Republic,2001,,46
Dominican Republic,2002,,83
Dominican Republic,2003,,92
Dominican Republic,2004,,97
Dominican Republic,2005,,67
Dominican Republic,2006,,150
Dominican Republic,2007,,358
Dominican Republic,2008,,318
Dominican Republic,2009,,230
Dominican Republic,2010,599,246
Dominican Republic,2011,595,250
Dominican Republic,2012,758,289
Dominican Republic,2013,721,306
Dominican Republic,2014,608,349
Dominican Republic,2015,615,382
Dominican Republic,2016,578,344
Ecuador,1996,211,221
Ecuador,1997,227,217
Ecuador,1998,248,512
Ecuador,1999,314,496
Ecuador,2000,1602,671
Ecuador,2001,1715,653
Ecuador,2002,3240,822
Ecuador,2003,6381,730
Ecuador,2004,8450,727
Ecuador,2005,10063,775
Ecuador,2006,11789,887
Ecuador,2007,264907,1332
Ecuador,2008,101398,1066
Ecuador,2009,116557,1027
Ecuador,2010,121249,852
Ecuador,2011,123436,909
Ecuador,2012,123824,844
Ecuador,2013,123209,707
Ecuador,2014,122161,804
Ecuador,2015,121535,1009
Ecuador,2016,102848,1021
Egypt,1996,6035,1202
Egypt,1997,6493,1722
Egypt,1998,6276,2612
Egypt,1999,6553,3491
Egypt,2000,6840,3953
Egypt,2001,7230,4678
Egypt,2002,80494,6443
Egypt,2003,88749,5735
Egypt,2004,90343,5376
Egypt,2005,88946,6291
Egypt,2006,88022,7613
Egypt,2007,97556,6799
Egypt,2008,97861,6780
Egypt,2009,94406,6990
Egypt,2010,95056,6913
Egypt,2011,95087,7936
Egypt,2012,109933,10020
Egypt,2013,230086,12810
Egypt,2014,236090,15903
Egypt,2015,212500,17926
Egypt,2016,213500,19742
El Salvador,1996,150,19639
El Salvador,1997,109,17126
El Salvador,1998,33,12591
El Salvador,1999,24,12410
El Salvador,2000,59,7756
El Salvador,2001,69,7150
El Salvador,2002,74,6632
El Salvador,2003,246,5658
El Salvador,2004,235,4497
El Salvador,2005,49,4281
El Salvador,2006,39,6388
El Salvador,2007,39,6022
El Salvador,2008,32,5151
El Salvador,2009,30,5051
El Salvador,2010,38,4976
El Salvador,2011,38,6720
El Salvador,2012,45,8171
El Salvador,2013,44,9635
El Salvador,2014,35,10965
El Salvador,2015,48,14778
El Salvador,2016,36,19595
Equatorial Guinea,1996,,397
Equatorial Guinea,1997,,473
Equatorial Guinea,1998,,420
Equatorial Guinea,1999,,429
Equatorial Guinea,2000,,509
Equatorial Guinea,2001,,529
Equatorial Guinea,2002,,552
Equatorial Guinea,2003,,591
Equatorial Guinea,2004,,552
Equatorial Guinea,2005,,477
Equatorial Guinea,2006,,461
Equatorial Guinea,2007,,407
Equatorial Guinea,2008,,384
Equatorial Guinea,2009,,344
Equatorial Guinea,2010,,305
Equatorial Guinea,2011,,258
Equatorial Guinea,2012,,228
Equatorial Guinea,2013,,200
Equatorial Guinea,2014,,174
Equatorial Guinea,2015,,154
Equatorial Guinea,2016,,126
Eritrea,1996,2106,332225
Eritrea,1997,2606,319077
Eritrea,1998,2501,346781
Eritrea,1999,2972,347138
Eritrea,2000,1984,376851
Eritrea,2001,2272,333229
Eritrea,2002,3619,318176
Eritrea,2003,3889,124121
Eritrea,2004,4240,131131
Eritrea,2005,4418,144066
Eritrea,2006,4621,193745
Eritrea,2007,5042,208748
Eritrea,2008,4862,186398
Eritrea,2009,4751,209168
Eritrea,2010,4809,222460
Eritrea,2011,4719,251954
Eritrea,2012,3600,285371
Eritrea,2013,3166,308236
Eritrea,2014,2898,363092
Eritrea,2015,2549,407449
Eritrea,2016,2342,459390
Estonia,1996,,1310
Estonia,1997,,1266
Estonia,1998,,792
Estonia,1999,,633
Estonia,2000,4,455
Estonia,2001,11,479
Estonia,2002,10,1060
Estonia,2003,12,1027
Estonia,2004,11,855
Estonia,2005,7,743
Estonia,2006,5,626
Estonia,2007,18,262
Estonia,2008,22,248
Estonia,2009,24,248
Estonia,2010,39,240
Estonia,2011,50,224
Estonia,2012,63,456
Estonia,2013,70,352
Estonia,2014,90,339
Estonia,2015,168,318
Estonia,2016,287,298
Ethiopia,1996,390528,96270
Ethiopia,1997,323067,84401
Ethiopia,1998,262160,70680
Ethiopia,1999,257689,71055
Ethiopia,2000,197959,66410
Ethiopia,2001,152554,58997
Ethiopia,2002,132940,61240
Ethiopia,2003,130274,62677
Ethiopia,2004,115980,63150
Ethiopia,2005,100817,65461
Ethiopia,2006,96980,74026
Ethiopia,2007,85183,59858
Ethiopia,2008,83583,63878
Ethiopia,2009,121886,62889
Ethiopia,2010,154295,68848
Ethiopia,2011,288844,70610
Ethiopia,2012,376393,74968
Ethiopia,2013,433936,77122
Ethiopia,2014,659524,86870
Ethiopia,2015,736086,85839
Ethiopia,2016,791616,83894
Fiji,1996,9,305
Fiji,1997,,326
Fiji,1998,,301
Fiji,1999,,328
Fiji,2000,,401
Fiji,2001,,731
Fiji,2002,,1072
Fiji,2003,,1087
Fiji,2004,,1281
Fiji,2005,,1379
Fiji,2006,,1685
Fiji,2007,,1828
Fiji,2008,,1868
Fiji,2009,2,1892
Fiji,2010,1,1851
Fiji,2011,7,1579
Fiji,2012,6,1317
Fiji,2013,5,1112
Fiji,2014,13,924
Fiji,2015,12,883
Fiji,2016,7,791
Finland,1996,11382,1
Finland,1997,12017,2
Finland,1998,12290,6
Finland,1999,12869,6
Finland,2000,13276,5
Finland,2001,12728,2
Finland,2002,12490,9
Finland,2003,10843,7
Finland,2004,11325,3
Finland,2005,11809,5
Finland,2006,11827,6
Finland,2007,6204,4
Finland,2008,6617,4
Finland,2009,7447,6
Finland,2010,8724,6
Finland,2011,9175,7
Finland,2012,9919,7
Finland,2013,11252,7
Finland,2014,11798,7
Finland,2015,12703,8
Finland,2016,18302,
France,1996,151329,44
France,1997,146558,61
France,1998,140215,64
France,1999,129722,63
France,2000,132508,78
France,2001,131601,44
France,2002,132182,90
France,2003,130838,110
France,2004,139852,110
France,2005,137316,286
France,2006,145996,82
France,2007,151789,101
France,2008,171206,101
France,2009,196364,87
France,2010,200687,92
France,2011,210207,99
France,2012,217865,100
France,2013,232487,98
France,2014,252264,93
France,2015,273126,94
France,2016,304507,45
Gabon,1996,798,24
Gabon,1997,862,19
Gabon,1998,1124,28
Gabon,1999,15070,26
Gabon,2000,17982,26
Gabon,2001,15581,27
Gabon,2002,13473,37
Gabon,2003,14005,39
Gabon,2004,13787,53
Gabon,2005,8545,81
Gabon,2006,8429,95
Gabon,2007,8826,116
Gabon,2008,9001,129
Gabon,2009,8845,144
Gabon,2010,9015,165
Gabon,2011,1773,173
Gabon,2012,1663,183
Gabon,2013,1594,176
Gabon,2014,1013,172
Gabon,2015,943,177
Gabon,2016,906,152
Gambia,1996,6924,310
Gambia,1997,7279,421
Gambia,1998,10320,570
Gambia,1999,17219,677
Gambia,2000,12016,750
Gambia,2001,8133,734
Gambia,2002,12120,861
Gambia,2003,7465,746
Gambia,2004,7343,684
Gambia,2005,7330,1683
Gambia,2006,13761,1254
Gambia,2007,14895,1267
Gambia,2008,14836,1352
Gambia,2009,10118,1973
Gambia,2010,8378,2242
Gambia,2011,9528,2583
Gambia,2012,9853,3076
Gambia,2013,9563,3397
Gambia,2014,11608,5136
Gambia,2015,7854,8492
Gambia,2016,7936,11569
Georgia,1996,95,48489
Georgia,1997,162,47164
Georgia,1998,20,35669
Georgia,1999,5180,29878
Georgia,2000,7620,21821
Georgia,2001,7901,17498
Georgia,2002,4192,16975
Georgia,2003,3864,12497
Georgia,2004,2559,6633
Georgia,2005,2497,7301
Georgia,2006,1373,6340
Georgia,2007,1047,11810
Georgia,2008,996,12598
Georgia,2009,870,15020
Georgia,2010,639,10640
Georgia,2011,462,10112
Georgia,2012,469,9261
Georgia,2013,847,6778
Georgia,2014,857,6681
Georgia,2015,1979,6493
Georgia,2016,2107,6365
Germany,1996,1266000,420
Germany,1997,1049000,443
Germany,1998,949200,688
Germany,1999,975500,1298
Germany,2000,906000,1183
Germany,2001,903000,1033
Germany,2002,980000,928
Germany,2003,960395,725
Germany,2004,876622,78
Germany,2005,700016,78
Germany,2006,605406,114
Germany,2007,578879,129
Germany,2008,582735,166
Germany,2009,593799,170
Germany,2010,594269,164
Germany,2011,571684,174
Germany,2012,589737,182
Germany,2013,187567,175
Germany,2014,216973,176
Germany,2015,316115,161
Germany,2016,669408,67
Ghana,1996,35617,15095
Ghana,1997,22858,14775
Ghana,1998,14557,13633
Ghana,1999,13261,13293
Ghana,2000,12720,14775
Ghana,2001,11792,14556
Ghana,2002,33515,15686
Ghana,2003,43947,15879
Ghana,2004,42053,14767
Ghana,2005,53537,18433
Ghana,2006,44938,9960
Ghana,2007,34958,5063
Ghana,2008,18206,13242
Ghana,2009,13658,14893
Ghana,2010,13828,20203
Ghana,2011,13588,20361
Ghana,2012,16016,24298
Ghana,2013,18681,21078
Ghana,2014,18450,22145
Ghana,2015,17406,22978
Ghana,2016,11851,15507
Greece,1996,5780,250
Greece,1997,5520,178
Greece,1998,6145,174
Greece,1999,6283,164
Greece,2000,6653,125
Greece,2001,6948,97
Greece,2002,2788,301
Greece,2003,2771,270
Greece,2004,2489,224
Greece,2005,2390,331
Greece,2006,2289,91
Greece,2007,2228,92
Greece,2008,2164,67
Greece,2009,1695,62
Greece,2010,1444,51
Greece,2011,1573,56
Greece,2012,2100,51
Greece,2013,3485,91
Greece,2014,10304,113
Greece,2015,24838,112
Greece,2016,46381,101
Grenada,1996,,11
Grenada,1997,,12
Grenada,1998,,20
Grenada,1999,,36
Grenada,2000,,24
Grenada,2001,,53
Grenada,2002,,73
Grenada,2003,,77
Grenada,2004,,99
Grenada,2005,,152
Grenada,2006,,202
Grenada,2007,,297
Grenada,2008,,312
Grenada,2009,,333
Grenada,2010,,345
Grenada,2011,3,323
Grenada,2012,,316
Grenada,2013,,330
Grenada,2014,,324
Grenada,2015,1,270
Grenada,2016,,100
Guatemala,1996,1564,40342
Guatemala,1997,1508,37508
Guatemala,1998,815,32747
Guatemala,1999,732,28082
Guatemala,2000,720,20711
Guatemala,2001,729,16867
Guatemala,2002,733,13888
Guatemala,2003,715,6696
Guatemala,2004,656,4376
Guatemala,2005,391,3379
Guatemala,2006,382,6496
Guatemala,2007,379,6161
Guatemala,2008,130,5934
Guatemala,2009,131,5768
Guatemala,2010,138,5679
Guatemala,2011,147,6088
Guatemala,2012,159,6388
Guatemala,2013,160,6615
Guatemala,2014,164,7483
Guatemala,2015,226,10284
Guatemala,2016,295,12534
Guinea,1996,663854,523
Guinea,1997,435300,648
Guinea,1998,482467,924
Guinea,1999,501544,1151
Guinea,2000,427206,1497
Guinea,2001,178444,2019
Guinea,2002,182163,3418
Guinea,2003,184341,3871
Guinea,2004,139252,4782
Guinea,2005,63525,5820
Guinea,2006,31468,6840
Guinea,2007,25226,8278
Guinea,2008,21488,9495
Guinea,2009,15325,10920
Guinea,2010,14113,11985
Guinea,2011,16609,13161
Guinea,2012,10371,14061
Guinea,2013,8560,14561
Guinea,2014,8766,15252
Guinea,2015,8839,17005
Guinea,2016,5057,17526
Guinea-Bissau,1996,15401,856
Guinea-Bissau,1997,15982,868
Guinea-Bissau,1998,6604,8887
Guinea-Bissau,1999,7120,3185
Guinea-Bissau,2000,7587,886
Guinea-Bissau,2001,7332,927
Guinea-Bissau,2002,7639,986
Guinea-Bissau,2003,7551,975
Guinea-Bissau,2004,7536,1018
Guinea-Bissau,2005,7616,1050
Guinea-Bissau,2006,7804,1004
Guinea-Bissau,2007,7860,1028
Guinea-Bissau,2008,7884,1065
Guinea-Bissau,2009,7898,1109
Guinea-Bissau,2010,7679,1127
Guinea-Bissau,2011,7800,1123
Guinea-Bissau,2012,7784,1180
Guinea-Bissau,2013,8535,1223
Guinea-Bissau,2014,8684,1307
Guinea-Bissau,2015,8684,1471
Guinea-Bissau,2016,9259,1635
Guyana,1996,,55
Guyana,1997,1,38
Guyana,1998,,41
Guyana,1999,,49
Guyana,2000,,36
Guyana,2001,,36
Guyana,2002,,49
Guyana,2003,,78
Guyana,2004,,194
Guyana,2005,,406
Guyana,2006,,537
Guyana,2007,,677
Guyana,2008,,708
Guyana,2009,,727
Guyana,2010,7,749
Guyana,2011,7,771
Guyana,2012,7,801
Guyana,2013,11,800
Guyana,2014,11,700
Guyana,2015,11,511
Guyana,2016,7,269
Haiti,1996,,15118
Haiti,1997,,15481
Haiti,1998,,13538
Haiti,1999,,8766
Haiti,2000,,7561
Haiti,2001,,7248
Haiti,2002,,7718
Haiti,2003,,7547
Haiti,2004,,9208
Haiti,2005,,13542
Haiti,2006,,20837
Haiti,2007,1,22280
Haiti,2008,3,23066
Haiti,2009,3,24116
Haiti,2010,,25892
Haiti,2011,,33661
Haiti,2012,,38568
Haiti,2013,,38659
Haiti,2014,3,37162
Haiti,2015,3,34774
Haiti,2016,,29661
Honduras,1996,63,1259
Honduras,1997,9,1246
Honduras,1998,9,1101
Honduras,1999,9,1070
Honduras,2000,12,903
Honduras,2001,20,781
Honduras,2002,29,673
Honduras,2003,23,604
Honduras,2004,23,484
Honduras,2005,22,535
Honduras,2006,22,1035
Honduras,2007,22,1236
Honduras,2008,24,1116
Honduras,2009,19,1166
Honduras,2010,14,1302
Honduras,2011,17,1966
Honduras,2012,16,2613
Honduras,2013,16,3300
Honduras,2014,26,4159
Honduras,2015,30,6851
Honduras,2016,11,10479
Hong Kong,1996,1348,105
Hong Kong,1997,1229,50
Hong Kong,1998,1039,42
Hong Kong,1999,974,20
Hong Kong,2000,983,13
Hong Kong,2001,1390,7
Hong Kong,2002,1496,5
Hong Kong,2003,1902,9
Hong Kong,2004,1868,8
Hong Kong,2005,1934,
Hong Kong,2006,1940,10
Hong Kong,2007,97,11
Hong Kong,2008,103,11
Hong Kong,2009,86,12
Hong Kong,2010,154,17
Hong Kong,2011,152,15
Hong Kong,2012,117,19
Hong Kong,2013,126,25
Hong Kong,2014,170,25
Hong Kong,2015,133,33
Hong Kong,2016,86,5
Hungary,1996,7537,3083
Hungary,1997,5890,2669
Hungary,1998,3504,1242
Hungary,1999,4990,800
Hungary,2000,5064,518
Hungary,2001,4710,953
Hungary,2002,6088,3517
Hungary,2003,7023,3395
Hungary,2004,7708,2749
Hungary,2005,8046,3519
Hungary,2006,8075,3118
Hungary,2007,8131,3386
Hungary,2008,7750,1614
Hungary,2009,6044,1537
Hungary,2010,5414,1438
Hungary,2011,5106,1238
Hungary,2012,4054,1087
Hungary,2013,2440,1220
Hungary,2014,2867,1267
Hungary,2015,4393,1443
Hungary,2016,4691,2904
Iceland,1996,232,4
Iceland,1997,260,5
Iceland,1998,294,5
Iceland,1999,254,5
Iceland,2000,244,5
Iceland,2001,213,
Iceland,2002,207,13
Iceland,2003,239,12
Iceland,2004,239,10
Iceland,2005,293,7
Iceland,2006,267,31
Iceland,2007,49,7
Iceland,2008,49,7
Iceland,2009,62,4
Iceland,2010,83,4
Iceland,2011,58,3
Iceland,2012,60,3
Iceland,2013,79,2
Iceland,2014,99,1
Iceland,2015,179,
Iceland,2016,125,
India,1996,233370,7550
India,1997,223073,8924
India,1998,185516,9663
India,1999,180031,9845
India,2000,170941,11399
India,2001,169549,11571
India,2002,168855,14349
India,2003,164757,13706
India,2004,162687,13345
India,2005,139283,16285
India,2006,158366,17811
India,2007,161537,20466
India,2008,184543,19569
India,2009,185323,19514
India,2010,184821,17769
India,2011,185118,16232
India,2012,185656,14258
India,2013,188395,11041
India,2014,199937,10436
India,2015,201381,9881
India,2016,197823,7243
Indonesia,1996,61,11365
Indonesia,1997,34,8799
Indonesia,1998,47,9053
Indonesia,1999,162506,9020
Indonesia,2000,122618,9149
Indonesia,2001,73551,8970
Indonesia,2002,28596,9906
Indonesia,2003,233,16240
Indonesia,2004,169,27919
Indonesia,2005,89,34384
Indonesia,2006,301,34728
Indonesia,2007,315,20558
Indonesia,2008,369,19345
Indonesia,2009,798,18213
Indonesia,2010,811,16892
Indonesia,2011,1006,16079
Indonesia,2012,1819,15523
Indonesia,2013,3206,14786
Indonesia,2014,4270,14408
Indonesia,2015,5957,13956
Indonesia,2016,7819,13046
Iran,1996,2030359,104129
Iran,1997,1982553,93993
Iran,1998,1931332,89979
Iran,1999,1835688,86855
Iran,2000,1868000,88278
Iran,2001,1868000,92491
Iran,2002,1306599,138364
Iran,2003,984896,122530
Iran,2004,1045976,115162
Iran,2005,974302,99428
Iran,2006,968370,102483
Iran,2007,963546,68397
Iran,2008,980109,69061
Iran,2009,1070488,72774
Iran,2010,1073366,68791
Iran,2011,886468,72361
Iran,2012,868242,75940
Iran,2013,857354,75070
Iran,2014,982027,82191
Iran,2015,979437,84950
Iran,2016,979435,94042
Iraq,1996,112957,714730
Iraq,1997,104032,707338
Iraq,1998,104022,675030
Iraq,1999,128913,642886
Iraq,2000,127787,526179
Iraq,2001,128142,530511
Iraq,2002,134190,422512
Iraq,2003,46721,368580
Iraq,2004,46053,311884
Iraq,2005,50177,262299
Iraq,2006,44406,1450905
Iraq,2007,42354,2309245
Iraq,2008,39503,1903519
Iraq,2009,35218,1785212
Iraq,2010,34655,1683579
Iraq,2011,35189,1428308
Iraq,2012,98822,746206
Iraq,2013,246298,401466
Iraq,2014,271143,369954
Iraq,2015,277701,264094
Iraq,2016,261882,315998
Ireland,1996,69,2
Ireland,1997,430,1
Ireland,1998,600,
Ireland,1999,2835,
Ireland,2000,2543,3
Ireland,2001,3598,3
Ireland,2002,5380,7
Ireland,2003,5971,6
Ireland,2004,6542,3
Ireland,2005,7113,21
Ireland,2006,7917,4
Ireland,2007,9333,10
Ireland,2008,9730,7
Ireland,2009,9571,7
Ireland,2010,9107,8
Ireland,2011,8248,8
Ireland,2012,6327,9
Ireland,2013,6001,9
Ireland,2014,5853,10
Ireland,2015,6125,9
Ireland,2016,5655,
Israel,1996,,1126
Israel,1997,,987
Israel,1998,27,835
Israel,1999,128,478
Israel,2000,4075,416
Israel,2001,4168,363
Israel,2002,4179,564
Israel,2003,4179,625
Israel,2004,574,672
Israel,2005,609,632
Israel,2006,837,882
Israel,2007,1156,1541
Israel,2008,9137,1494
Israel,2009,17736,1310
Israel,2010,25471,1301
Israel,2011,41235,1335
Israel,2012,48505,1340
Israel,2013,48201,1041
Israel,2014,39716,979
Israel,2015,32946,802
Israel,2016,32909,467
Italy,1996,64711,112
Italy,1997,66620,112
Italy,1998,5473,79
Italy,1999,6024,52
Italy,2000,6849,48
Italy,2001,8571,34
Italy,2002,10060,224
Italy,2003,12841,207
Italy,2004,15674,192
Italy,2005,20675,217
Italy,2006,26875,105
Italy,2007,38068,90
Italy,2008,47061,62
Italy,2009,54965,45
Italy,2010,56397,50
Italy,2011,58060,58
Italy,2012,64779,66
Italy,2013,76264,66
Italy,2014,93715,67
Italy,2015,118047,70
Italy,2016,147302,44
Jamaica,1996,25,18
Jamaica,1997,33,21
Jamaica,1998,37,27
Jamaica,1999,37,33
Jamaica,2000,38,37
Jamaica,2001,,37
Jamaica,2002,,147
Jamaica,2003,,259
Jamaica,2004,,350
Jamaica,2005,,489
Jamaica,2006,,660
Jamaica,2007,,766
Jamaica,2008,,826
Jamaica,2009,26,909
Jamaica,2010,21,1057
Jamaica,2011,20,1250
Jamaica,2012,20,1407
Jamaica,2013,21,1503
Jamaica,2014,22,1692
Jamaica,2015,12,1868
Jamaica,2016,8,1988
Japan,1996,5278,2
Japan,1997,4851,2
Japan,1998,4492,3
Japan,1999,4235,3
Japan,2000,3752,5
Japan,2001,3200,5
Japan,2002,2657,19
Japan,2003,2266,19
Japan,2004,1967,21
Japan,2005,1941,13
Japan,2006,1844,168
Japan,2007,1794,521
Japan,2008,2019,185
Japan,2009,2332,150
Japan,2010,2586,152
Japan,2011,2649,176
Japan,2012,2581,172
Japan,2013,2584,157
Japan,2014,2560,262
Japan,2015,2474,145
Japan,2016,2512,53
Jordan,1996,1359580,708
Jordan,1997,1438104,719
Jordan,1998,1488226,899
Jordan,1999,1542417,973
Jordan,2000,1610638,919
Jordan,2001,1663294,775
Jordan,2002,1699470,1287
Jordan,2003,1741366,1162
Jordan,2004,1777769,1169
Jordan,2005,1828842,1789
Jordan,2006,2358591,1604
Jordan,2007,2403771,1787
Jordan,2008,2452016,1890
Jordan,2009,2434489,2129
Jordan,2010,2450381,2254
Jordan,2011,2430589,2250
Jordan,2012,2337348,2368
Jordan,2013,2712888,1632
Jordan,2014,2771502,1718
Jordan,2015,2808351,1841
Jordan,2016,2860669,1889
Kazakhstan,1996,15577,40163
Kazakhstan,1997,15577,40774
Kazakhstan,1998,8338,20459
Kazakhstan,1999,14795,9057
Kazakhstan,2000,20574,2537
Kazakhstan,2001,19531,2803
Kazakhstan,2002,20610,6315
Kazakhstan,2003,15831,6559
Kazakhstan,2004,15844,6121
Kazakhstan,2005,7265,4316
Kazakhstan,2006,4412,7376
Kazakhstan,2007,4285,5235
Kazakhstan,2008,4352,4825
Kazakhstan,2009,4340,3744
Kazakhstan,2010,4406,3632
Kazakhstan,2011,616,3500
Kazakhstan,2012,564,3571
Kazakhstan,2013,584,2123
Kazakhstan,2014,633,2224
Kazakhstan,2015,708,2267
Kazakhstan,2016,647,2326
Kenya,1996,223640,9390
Kenya,1997,232097,9570
Kenya,1998,238187,6046
Kenya,1999,223696,6138
Kenya,2000,206106,2373
Kenya,2001,239221,2559
Kenya,2002,233671,3098
Kenya,2003,237512,3163
Kenya,2004,239835,3847
Kenya,2005,251271,4640
Kenya,2006,272531,5356
Kenya,2007,265729,7546
Kenya,2008,320605,9688
Kenya,2009,358928,9620
Kenya,2010,402905,8602
Kenya,2011,566487,8745
Kenya,2012,564933,8950
Kenya,2013,534938,8586
Kenya,2014,551352,8553
Kenya,2015,553912,7906
Kenya,2016,451077,7506
North Korea,1996,,11
North Korea,1997,,1
North Korea,1998,,9
North Korea,1999,,13
North Korea,2000,,13
North Korea,2001,,19
North Korea,2002,,259
North Korea,2003,,304
North Korea,2004,,343
North Korea,2005,,288
North Korea,2006,,397
North Korea,2007,,605
North Korea,2008,,886
North Korea,2009,,881
North Korea,2010,,917
North Korea,2011,,1052
North Korea,2012,,1132
North Korea,2013,,1167
North Korea,2014,,1282
North Korea,2015,,1101
North Korea,2016,,1409
South Korea,1996,6,42
South Korea,1997,3,48
South Korea,1998,1,65
South Korea,1999,7,75
South Korea,2000,6,73
South Korea,2001,7,83
South Korea,2002,17,245
South Korea,2003,25,237
South Korea,2004,44,272
South Korea,2005,69,268
South Korea,2006,96,1335
South Korea,2007,118,1188
South Korea,2008,172,1104
South Korea,2009,268,573
South Korea,2010,358,585
South Korea,2011,401,514
South Korea,2012,487,558
South Korea,2013,548,500
South Korea,2014,1173,481
South Korea,2015,1463,353
South Korea,2016,1773,243
Kuwait,1996,3831,854
Kuwait,1997,3787,825
Kuwait,1998,4182,830
Kuwait,1999,4334,992
Kuwait,2000,2776,692
Kuwait,2001,1255,701
Kuwait,2002,1521,709
Kuwait,2003,1518,616
Kuwait,2004,1519,398
Kuwait,2005,1523,381
Kuwait,2006,50,617
Kuwait,2007,38159,746
Kuwait,2008,38238,854
Kuwait,2009,221,938
Kuwait,2010,184,988
Kuwait,2011,335,1120
Kuwait,2012,674,1197
Kuwait,2013,635,977
Kuwait,2014,614,981
Kuwait,2015,741,1085
Kuwait,2016,930,1008
Kyrgyzstan,1996,16707,17118
Kyrgyzstan,1997,15276,16320
Kyrgyzstan,1998,14560,7449
Kyrgyzstan,1999,10849,4003
Kyrgyzstan,2000,10609,748
Kyrgyzstan,2001,9296,685
Kyrgyzstan,2002,7708,2950
Kyrgyzstan,2003,5591,3141
Kyrgyzstan,2004,3753,3292
Kyrgyzstan,2005,2598,3122
Kyrgyzstan,2006,366,2488
Kyrgyzstan,2007,723,2254
Kyrgyzstan,2008,375,2517
Kyrgyzstan,2009,423,2612
Kyrgyzstan,2010,2458,2744
Kyrgyzstan,2011,6095,3162
Kyrgyzstan,2012,4941,3489
Kyrgyzstan,2013,466,2301
Kyrgyzstan,2014,482,2451
Kyrgyzstan,2015,354,2502
Kyrgyzstan,2016,334,2546
Lao PDR,1996,,46909
Lao PDR,1997,,37367
Lao PDR,1998,2,29017
Lao PDR,1999,,21396
Lao PDR,2000,,16094
Lao PDR,2001,,12631
Lao PDR,2002,,11235
Lao PDR,2003,,10363
Lao PDR,2004,,16114
Lao PDR,2005,,24442
Lao PDR,2006,,26447
Lao PDR,2007,,10013
Lao PDR,2008,,8598
Lao PDR,2009,,8398
Lao PDR,2010,,8414
Lao PDR,2011,,8088
Lao PDR,2012,,7984
Lao PDR,2013,,7745
Lao PDR,2014,,7482
Lao PDR,2015,,7363
Lao PDR,2016,,7224
Latvia,1996,,1958
Latvia,1997,,1915
Latvia,1998,2,1013
Latvia,1999,6,907
Latvia,2000,7,491
Latvia,2001,8,619
Latvia,2002,7,3082
Latvia,2003,17,3177
Latvia,2004,11,2826
Latvia,2005,11,2430
Latvia,2006,21,1424
Latvia,2007,29,662
Latvia,2008,32,763
Latvia,2009,43,791
Latvia,2010,68,713
Latvia,2011,95,709
Latvia,2012,125,662
Latvia,2013,160,233
Latvia,2014,183,213
Latvia,2015,208,193
Latvia,2016,325,165
Lebanon,1996,355076,10890
Lebanon,1997,365160,10235
Lebanon,1998,371294,9786
Lebanon,1999,377612,7685
Lebanon,2000,382744,10215
Lebanon,2001,387733,8763
Lebanon,2002,392053,26320
Lebanon,2003,397054,24932
Lebanon,2004,400905,19866
Lebanon,2005,405248,18323
Lebanon,2006,428602,12252
Lebanon,2007,464299,13094
Lebanon,2008,472607,12967
Lebanon,2009,476053,16260
Lebanon,2010,463436,15869
Lebanon,2011,445144,15013
Lebanon,2012,575483,15106
Lebanon,2013,1303874,3819
Lebanon,2014,1606709,4273
Lebanon,2015,1529223,4369
Lebanon,2016,1476618,4709
Lesotho,1996,,2
Lesotho,1997,,3
Lesotho,1998,,3
Lesotho,1999,1,3
Lesotho,2000,,4
Lesotho,2001,39,1
Lesotho,2002,,4
Lesotho,2003,,6
Lesotho,2004,,7
Lesotho,2005,,6
Lesotho,2006,,9
Lesotho,2007,,7
Lesotho,2008,,8
Lesotho,2009,,10
Lesotho,2010,,11
Lesotho,2011,34,11
Lesotho,2012,34,13
Lesotho,2013,30,15
Lesotho,2014,44,17
Lesotho,2015,31,17
Lesotho,2016,36,5
Liberia,1996,120061,784008
Liberia,1997,126886,493340
Liberia,1998,96317,365398
Liberia,1999,96317,294694
Liberia,2000,69315,266930
Liberia,2001,54760,244608
Liberia,2002,64956,275422
Liberia,2003,33997,353344
Liberia,2004,15172,335467
Liberia,2005,10168,231139
Liberia,2006,16185,160548
Liberia,2007,10466,91540
Liberia,2008,10224,75213
Liberia,2009,6952,71599
Liberia,2010,24743,70129
Liberia,2011,128293,66780
Liberia,2012,65909,23428
Liberia,2013,53253,17558
Liberia,2014,38595,13572
Liberia,2015,36505,9991
Liberia,2016,18973,6513
Libya,1996,7747,281
Libya,1997,8481,274
Libya,1998,10558,433
Libya,1999,10535,568
Libya,2000,11543,619
Libya,2001,11664,888
Libya,2002,11666,1456
Libya,2003,11897,1570
Libya,2004,12166,1720
Libya,2005,12166,1575
Libya,2006,2760,1573
Libya,2007,4098,1954
Libya,2008,6713,2084
Libya,2009,9005,2202
Libya,2010,7923,2309
Libya,2011,10130,4384
Libya,2012,7065,5251
Libya,2013,25561,3314
Libya,2014,27964,4203
Libya,2015,9305,6090
Libya,2016,9301,8796
Liechtenstein,1996,,
Liechtenstein,1997,,
Liechtenstein,1998,,
Liechtenstein,1999,,
Liechtenstein,2000,70,
Liechtenstein,2001,141,
Liechtenstein,2002,128,
Liechtenstein,2003,149,
Liechtenstein,2004,149,
Liechtenstein,2005,150,
Liechtenstein,2006,277,
Liechtenstein,2007,283,
Liechtenstein,2008,89,
Liechtenstein,2009,91,
Liechtenstein,2010,92,
Liechtenstein,2011,94,
Liechtenstein,2012,102,
Liechtenstein,2013,97,
Liechtenstein,2014,103,
Liechtenstein,2015,150,
Liechtenstein,2016,156,
Lithuania,1996,,662
Lithuania,1997,6,649
Lithuania,1998,34,282
Lithuania,1999,44,258
Lithuania,2000,55,163
Lithuania,2001,287,216
Lithuania,2002,368,1371
Lithuania,2003,403,1541
Lithuania,2004,470,1482
Lithuania,2005,531,1448
Lithuania,2006,531,942
Lithuania,2007,688,466
Lithuania,2008,751,490
Lithuania,2009,793,501
Lithuania,2010,803,515
Lithuania,2011,821,528
Lithuania,2012,871,491
Lithuania,2013,916,220
Lithuania,2014,1007,183
Lithuania,2015,1093,144
Lithuania,2016,1064,64
Luxembourg,1996,700,
Luxembourg,1997,700,
Luxembourg,1998,700,
Luxembourg,1999,700,
Luxembourg,2000,759,
Luxembourg,2001,1201,
Luxembourg,2002,1201,
Luxembourg,2003,1201,
Luxembourg,2004,1590,1
Luxembourg,2005,1822,1
Luxembourg,2006,2206,2
Luxembourg,2007,2737,2
Luxembourg,2008,3109,
Luxembourg,2009,3230,
Luxembourg,2010,3254,
Luxembourg,2011,2855,
Luxembourg,2012,2910,
Luxembourg,2013,920,1
Luxembourg,2014,1108,2
Luxembourg,2015,1332,2
Luxembourg,2016,1995,
Macedonia,1996,5089,13041
Macedonia,1997,3500,12747
Macedonia,1998,1700,1939
Macedonia,1999,21200,2089
Macedonia,2000,9050,2176
Macedonia,2001,4363,12197
Macedonia,2002,2816,8107
Macedonia,2003,193,5982
Macedonia,2004,1004,5106
Macedonia,2005,1274,8600
Macedonia,2006,1240,7940
Macedonia,2007,1235,8077
Macedonia,2008,1672,7521
Macedonia,2009,1542,7926
Macedonia,2010,1398,7889
Macedonia,2011,1130,7684
Macedonia,2012,1077,7589
Macedonia,2013,982,1628
Macedonia,2014,883,1759
Macedonia,2015,701,1777
Macedonia,2016,629,1705
Madagascar,1996,,79
Madagascar,1997,,76
Madagascar,1998,,66
Madagascar,1999,28,54
Madagascar,2000,50,54
Madagascar,2001,34,40
Madagascar,2002,,53
Madagascar,2003,,88
Madagascar,2004,,135
Madagascar,2005,,203
Madagascar,2006,,260
Madagascar,2007,,284
Madagascar,2008,,277
Madagascar,2009,,274
Madagascar,2010,,270
Madagascar,2011,9,289
Madagascar,2012,9,301
Madagascar,2013,12,296
Madagascar,2014,11,281
Madagascar,2015,10,286
Madagascar,2016,22,277
Malawi,1996,1268,39
Malawi,1997,280,34
Malawi,1998,1245,28
Malawi,1999,1700,34
Malawi,2000,3900,33
Malawi,2001,6200,25
Malawi,2002,2166,48
Malawi,2003,3202,59
Malawi,2004,3682,94
Malawi,2005,4240,101
Malawi,2006,3943,113
Malawi,2007,2929,97
Malawi,2008,4175,106
Malawi,2009,5443,130
Malawi,2010,5740,171
Malawi,2011,6308,222
Malawi,2012,6544,277
Malawi,2013,5796,326
Malawi,2014,5874,361
Malawi,2015,9019,426
Malawi,2016,9386,407
Malaysia,1996,5309,103
Malaysia,1997,5285,87
Malaysia,1998,50614,90
Malaysia,1999,50517,86
Malaysia,2000,50487,82
Malaysia,2001,50466,79
Malaysia,2002,50612,119
Malaysia,2003,7424,239
Malaysia,2004,24905,292
Malaysia,2005,33693,394
Malaysia,2006,37170,584
Malaysia,2007,32658,615
Malaysia,2008,36671,608
Malaysia,2009,66137,532
Malaysia,2010,81516,552
Malaysia,2011,86680,537
Malaysia,2012,90185,531
Malaysia,2013,97513,485
Malaysia,2014,99381,468
Malaysia,2015,94166,439
Malaysia,2016,92209,443
Mali,1996,18234,55198
Mali,1997,12552,18015
Mali,1998,13598,3702
Mali,1999,8302,387
Mali,2000,8412,364
Mali,2001,8439,311
Mali,2002,9095,531
Mali,2003,10009,461
Mali,2004,11256,483
Mali,2005,11233,520
Mali,2006,10585,594
Mali,2007,9203,4494
Mali,2008,9578,1758
Mali,2009,13538,2926
Mali,2010,13558,3663
Mali,2011,15624,4295
Mali,2012,13928,149943
Mali,2013,14316,152828
Mali,2014,15195,139267
Mali,2015,15917,154213
Mali,2016,17510,156390
Malta,1996,367,18
Malta,1997,343,14
Malta,1998,296,17
Malta,1999,271,22
Malta,2000,190,16
Malta,2001,176,7
Malta,2002,307,8
Malta,2003,895,7
Malta,2004,1558,3
Malta,2005,1939,5
Malta,2006,2404,28
Malta,2007,3000,9
Malta,2008,4332,9
Malta,2009,5955,9
Malta,2010,6136,6
Malta,2011,6952,6
Malta,2012,8248,6
Malta,2013,9906,6
Malta,2014,6095,5
Malta,2015,7075,1
Malta,2016,7901,
Mauritania,1996,15880,83234
Mauritania,1997,7511,70294
Mauritania,1998,26,70224
Mauritania,1999,223,29948
Mauritania,2000,350,29752
Mauritania,2001,365,29862
Mauritania,2002,405,30137
Mauritania,2003,475,30525
Mauritania,2004,473,31131
Mauritania,2005,632,31651
Mauritania,2006,770,33428
Mauritania,2007,30471,33108
Mauritania,2008,27041,45601
Mauritania,2009,26795,39143
Mauritania,2010,26717,37733
Mauritania,2011,26535,39929
Mauritania,2012,80496,33765
Mauritania,2013,92767,34252
Mauritania,2014,75635,34113
Mauritania,2015,77394,34660
Mauritania,2016,74117,36228
Mexico,1996,34569,520
Mexico,1997,31908,665
Mexico,1998,28251,1016
Mexico,1999,24511,1359
Mexico,2000,18451,1291
Mexico,2001,15455,1594
Mexico,2002,12962,1670
Mexico,2003,6075,1652
Mexico,2004,4343,1744
Mexico,2005,3229,2313
Mexico,2006,3319,3304
Mexico,2007,1616,5572
Mexico,2008,1055,6162
Mexico,2009,1235,6435
Mexico,2010,1395,6816
Mexico,2011,1677,7472
Mexico,2012,1520,8435
Mexico,2013,1831,9390
Mexico,2014,1837,10666
Mexico,2015,2923,11333
Mexico,2016,6153,10367
Moldova,1996,,5829
Moldova,1997,,5141
Moldova,1998,,2754
Moldova,1999,8,2407
Moldova,2000,68,2657
Moldova,2001,159,3737
Moldova,2002,173,10130
Moldova,2003,102,11146
Moldova,2004,57,11937
Moldova,2005,84,12064
Moldova,2006,161,11680
Moldova,2007,151,4918
Moldova,2008,148,5555
Moldova,2009,141,5925
Moldova,2010,148,6200
Moldova,2011,146,6264
Moldova,2012,185,6148
Moldova,2013,250,2207
Moldova,2014,335,2233
Moldova,2015,446,2289
Moldova,2016,394,2291
Mongolia,1996,,7
Mongolia,1997,,9
Mongolia,1998,,19
Mongolia,1999,,25
Mongolia,2000,,23
Mongolia,2001,,60
Mongolia,2002,,280
Mongolia,2003,,324
Mongolia,2004,,442
Mongolia,2005,,654
Mongolia,2006,5,868
Mongolia,2007,5,1101
Mongolia,2008,11,1333
Mongolia,2009,11,1495
Mongolia,2010,12,1724
Mongolia,2011,1,1985
Mongolia,2012,4,2114
Mongolia,2013,9,2059
Mongolia,2014,6,2163
Mongolia,2015,9,2199
Mongolia,2016,,2267
Montenegro,1996,,
Montenegro,1997,,
Montenegro,1998,,
Montenegro,1999,,
Montenegro,2000,,
Montenegro,2001,,
Montenegro,2002,,
Montenegro,2003,,
Montenegro,2004,,
Montenegro,2005,,
Montenegro,2006,6926,135
Montenegro,2007,8528,557
Montenegro,2008,24741,1283
Montenegro,2009,24019,2582
Montenegro,2010,16364,3246
Montenegro,2011,12874,3698
Montenegro,2012,11198,4054
Montenegro,2013,8476,546
Montenegro,2014,6462,607
Montenegro,2015,1771,651
Montenegro,2016,970,708
Morocco,1996,51,297
Morocco,1997,57,310
Morocco,1998,901,353
Morocco,1999,901,377
Morocco,2000,2105,392
Morocco,2001,2091,363
Morocco,2002,2127,1269
Morocco,2003,2121,1291
Morocco,2004,2121,1319
Morocco,2005,219,2920
Morocco,2006,503,4710
Morocco,2007,786,4039
Morocco,2008,766,3533
Morocco,2009,773,2286
Morocco,2010,792,2284
Morocco,2011,736,2312
Morocco,2012,744,2407
Morocco,2013,1470,1308
Morocco,2014,1216,1539
Morocco,2015,3908,1786
Morocco,2016,4737,2230
Mozambique,1996,198,34657
Mozambique,1997,72,33652
Mozambique,1998,52,59
Mozambique,1999,220,35
Mozambique,2000,207,30
Mozambique,2001,207,46
Mozambique,2002,207,130
Mozambique,2003,311,111
Mozambique,2004,623,104
Mozambique,2005,1954,104
Mozambique,2006,2558,231
Mozambique,2007,2767,222
Mozambique,2008,3163,208
Mozambique,2009,3547,136
Mozambique,2010,4077,131
Mozambique,2011,4079,155
Mozambique,2012,4398,160
Mozambique,2013,4445,56
Mozambique,2014,4536,58
Mozambique,2015,5622,57
Mozambique,2016,4663,33
Myanmar,1996,,143017
Myanmar,1997,,135772
Myanmar,1998,,133407
Myanmar,1999,,131663
Myanmar,2000,,137128
Myanmar,2001,,145856
Myanmar,2002,,148501
Myanmar,2003,,151384
Myanmar,2004,,161013
Myanmar,2005,,164864
Myanmar,2006,,202826
Myanmar,2007,,191313
Myanmar,2008,,184413
Myanmar,2009,,406669
Myanmar,2010,,415670
Myanmar,2011,,414626
Myanmar,2012,,415371
Myanmar,2013,,479606
Myanmar,2014,,479006
Myanmar,2015,,451805
Myanmar,2016,,490265
Namibia,1996,2204,12
Namibia,1997,2511,2
Namibia,1998,3820,1902
Namibia,1999,7612,701
Namibia,2000,27263,2308
Namibia,2001,30885,2297
Namibia,2002,21651,1302
Namibia,2003,19800,1293
Namibia,2004,14773,1314
Namibia,2005,5307,1226
Namibia,2006,5462,1203
Namibia,2007,6525,1128
Namibia,2008,6799,985
Namibia,2009,7163,921
Namibia,2010,7254,1017
Namibia,2011,6049,1073
Namibia,2012,1806,1098
Namibia,2013,2332,1143
Namibia,2014,1767,1253
Namibia,2015,1737,1277
Namibia,2016,1747,1348
Nepal,1996,126815,44
Nepal,1997,129157,52
Nepal,1998,126101,101
Nepal,1999,127940,186
Nepal,2000,129237,235
Nepal,2001,130945,306
Nepal,2002,132436,902
Nepal,2003,123667,1231
Nepal,2004,124928,1416
Nepal,2005,126436,2065
Nepal,2006,128175,2647
Nepal,2007,130681,3364
Nepal,2008,124832,4189
Nepal,2009,108461,5108
Nepal,2010,89808,5889
Nepal,2011,72654,6854
Nepal,2012,56264,7612
Nepal,2013,46305,8110
Nepal,2014,38490,8563
Nepal,2015,32667,9063
Nepal,2016,25244,8350
Netherlands,1996,102588,96
Netherlands,1997,118071,77
Netherlands,1998,131490,57
Netherlands,1999,138646,29
Netherlands,2000,146180,15
Netherlands,2001,151928,4
Netherlands,2002,148362,30
Netherlands,2003,140886,44
Netherlands,2004,126805,48
Netherlands,2005,118189,159
Netherlands,2006,100574,39
Netherlands,2007,86587,43
Netherlands,2008,77600,46
Netherlands,2009,76008,44
Netherlands,2010,74961,53
Netherlands,2011,74598,64
Netherlands,2012,71909,71
Netherlands,2013,74707,64
Netherlands,2014,82494,68
Netherlands,2015,88536,69
Netherlands,2016,101702,27
New Zealand,1996,3788,
New Zealand,1997,3646,
New Zealand,1998,4097,
New Zealand,1999,4800,
New Zealand,2000,4923,
New Zealand,2001,5264,
New Zealand,2002,5757,2
New Zealand,2003,5807,1
New Zealand,2004,5350,3
New Zealand,2005,5307,4
New Zealand,2006,4906,8
New Zealand,2007,2740,13
New Zealand,2008,2716,10
New Zealand,2009,3289,10
New Zealand,2010,2307,15
New Zealand,2011,1934,18
New Zealand,2012,1517,20
New Zealand,2013,1403,17
New Zealand,2014,1349,17
New Zealand,2015,1337,19
New Zealand,2016,1348,25
Nicaragua,1996,557,22820
Nicaragua,1997,465,22494
Nicaragua,1998,474,21389
Nicaragua,1999,471,20573
Nicaragua,2000,332,5071
Nicaragua,2001,325,4399
Nicaragua,2002,325,4050
Nicaragua,2003,300,3983
Nicaragua,2004,292,1822
Nicaragua,2005,227,1463
Nicaragua,2006,199,1828
Nicaragua,2007,184,1900
Nicaragua,2008,147,1537
Nicaragua,2009,120,1478
Nicaragua,2010,64,1431
Nicaragua,2011,86,1468
Nicaragua,2012,129,1531
Nicaragua,2013,189,1538
Nicaragua,2014,280,1587
Nicaragua,2015,330,1476
Nicaragua,2016,325,1409
Niger,1996,25845,10361
Niger,1997,7376,2788
Niger,1998,3691,423
Niger,1999,350,514
Niger,2000,58,493
Niger,2001,83,483
Niger,2002,296,834
Niger,2003,328,728
Niger,2004,344,689
Niger,2005,301,655
Niger,2006,317,818
Niger,2007,319,827
Niger,2008,320,796
Niger,2009,325,822
Niger,2010,314,803
Niger,2011,302,819
Niger,2012,50510,832
Niger,2013,57661,683
Niger,2014,77830,739
Niger,2015,124721,1390
Niger,2016,166084,1210
Nigeria,1996,8486,4754
Nigeria,1997,9071,3059
Nigeria,1998,6780,3999
Nigeria,1999,6941,4441
Nigeria,2000,7270,5742
Nigeria,2001,7200,6084
Nigeria,2002,7355,24572
Nigeria,2003,9171,24428
Nigeria,2004,8395,23892
Nigeria,2005,9019,22128
Nigeria,2006,8768,13253
Nigeria,2007,8460,13904
Nigeria,2008,10124,14169
Nigeria,2009,9127,15609
Nigeria,2010,8747,15642
Nigeria,2011,8806,17141
Nigeria,2012,3154,18021
Nigeria,2013,1694,31176
Nigeria,2014,1239,90947
Nigeria,2015,1395,167989
Nigeria,2016,1347,229261
Norway,1996,48409,1
Norway,1997,47381,3
Norway,1998,45334,4
Norway,1999,43440,4
Norway,2000,47693,4
Norway,2001,50128,3
Norway,2002,50432,5
Norway,2003,46109,6
Norway,2004,44046,5
Norway,2005,43034,15
Norway,2006,43336,4
Norway,2007,34522,3
Norway,2008,36101,4
Norway,2009,37826,4
Norway,2010,40260,7
Norway,2011,40691,7
Norway,2012,42822,9
Norway,2013,46106,13
Norway,2014,47043,13
Norway,2015,50389,12
Norway,2016,59452,
Oman,1996,,10
Oman,1997,,10
Oman,1998,,11
Oman,1999,,11
Oman,2000,,5
Oman,2001,,5
Oman,2002,,19
Oman,2003,,11
Oman,2004,7,18
Oman,2005,7,12
Oman,2006,7,39
Oman,2007,7,43
Oman,2008,7,56
Oman,2009,26,64
Oman,2010,78,63
Oman,2011,83,60
Oman,2012,138,65
Oman,2013,138,26
Oman,2014,151,29
Oman,2015,245,37
Oman,2016,316,20
Pakistan,1996,1202703,7502
Pakistan,1997,1202734,5985
Pakistan,1998,1202462,6864
Pakistan,1999,1202015,8015
Pakistan,2000,2001466,10133
Pakistan,2001,2198797,12324
Pakistan,2002,1227433,23163
Pakistan,2003,1124298,24389
Pakistan,2004,1290984,25949
Pakistan,2005,1084694,29913
Pakistan,2006,1044462,25639
Pakistan,2007,2035023,31858
Pakistan,2008,1780935,32403
Pakistan,2009,1740711,35132
Pakistan,2010,1900621,39982
Pakistan,2011,1702700,35952
Pakistan,2012,1638456,49785
Pakistan,2013,1616507,48686
Pakistan,2014,1505525,335961
Pakistan,2015,1561162,297899
Pakistan,2016,1352551,105376
Panama,1996,867,149
Panama,1997,622,122
Panama,1998,1188,85
Panama,1999,1321,72
Panama,2000,1313,67
Panama,2001,1470,37
Panama,2002,1573,44
Panama,2003,1445,30
Panama,2004,1608,40
Panama,2005,1730,42
Panama,2006,1848,75
Panama,2007,16890,109
Panama,2008,16913,111
Panama,2009,16923,105
Panama,2010,17073,100
Panama,2011,17262,100
Panama,2012,17429,107
Panama,2013,17665,105
Panama,2014,17271,89
Panama,2015,17322,69
Panama,2016,17292,33
Papua New Guinea,1996,10176,2008
Papua New Guinea,1997,8198,808
Papua New Guinea,1998,8198,220
Papua New Guinea,1999,6666,9
Papua New Guinea,2000,5863,8
Papua New Guinea,2001,4941,8
Papua New Guinea,2002,4941,16
Papua New Guinea,2003,7491,18
Papua New Guinea,2004,7627,18
Papua New Guinea,2005,9999,23
Papua New Guinea,2006,10183,31
Papua New Guinea,2007,10003,36
Papua New Guinea,2008,10006,46
Papua New Guinea,2009,9703,70
Papua New Guinea,2010,9698,89
Papua New Guinea,2011,9377,128
Papua New Guinea,2012,9383,174
Papua New Guinea,2013,9378,221
Papua New Guinea,2014,9510,288
Papua New Guinea,2015,9510,339
Papua New Guinea,2016,9529,391
Paraguay,1996,53,44
Paraguay,1997,47,20
Paraguay,1998,30,21
Paraguay,1999,19,18
Paraguay,2000,21,19
Paraguay,2001,21,8
Paraguay,2002,21,31
Paraguay,2003,28,32
Paraguay,2004,41,37
Paraguay,2005,50,44
Paraguay,2006,59,105
Paraguay,2007,62,102
Paraguay,2008,75,101
Paraguay,2009,89,77
Paraguay,2010,107,86
Paraguay,2011,124,91
Paraguay,2012,133,101
Paraguay,2013,136,95
Paraguay,2014,153,94
Paraguay,2015,172,91
Paraguay,2016,194,63
Peru,1996,663,6696
Peru,1997,750,6610
Peru,1998,433,7066
Peru,1999,702,7206
Peru,2000,687,6944
Peru,2001,683,6502
Peru,2002,688,6430
Peru,2003,718,5581
Peru,2004,766,4769
Peru,2005,848,4865
Peru,2006,911,6985
Peru,2007,995,7743
Peru,2008,1075,7339
Peru,2009,1108,6271
Peru,2010,1146,5834
Peru,2011,1144,5491
Peru,2012,1122,5212
Peru,2013,1162,4768
Peru,2014,1303,4343
Peru,2015,1488,3599
Peru,2016,1590,2589
Philippines,1996,691,598
Philippines,1997,311,525
Philippines,1998,307,45598
Philippines,1999,170,45520
Philippines,2000,176,45482
Philippines,2001,136,45467
Philippines,2002,114,45608
Philippines,2003,108,412
Philippines,2004,107,434
Philippines,2005,96,465
Philippines,2006,100,886
Philippines,2007,106,1552
Philippines,2008,104,1354
Philippines,2009,95,993
Philippines,2010,243,970
Philippines,2011,125,952
Philippines,2012,141,986
Philippines,2013,182,724
Philippines,2014,222,670
Philippines,2015,269,593
Philippines,2016,382,421
Poland,1996,600,12869
Poland,1997,835,7294
Poland,1998,898,1880
Poland,1999,942,1245
Poland,2000,1020,865
Poland,2001,1311,3191
Poland,2002,1591,16712
Poland,2003,1836,15211
Poland,2004,2507,10677
Poland,2005,4604,19641
Poland,2006,6790,13513
Poland,2007,10053,2915
Poland,2008,12774,2391
Poland,2009,15320,2059
Poland,2010,15555,1764
Poland,2011,15847,1815
Poland,2012,15911,1640
Poland,2013,16438,1429
Poland,2014,15741,1310
Poland,2015,14065,1297
Poland,2016,11703,1144
Portugal,1996,308,217
Portugal,1997,319,213
Portugal,1998,339,18
Portugal,1999,379,15
Portugal,2000,433,23
Portugal,2001,449,17
Portugal,2002,462,62
Portugal,2003,418,55
Portugal,2004,377,47
Portugal,2005,363,74
Portugal,2006,333,25
Portugal,2007,353,32
Portugal,2008,403,36
Portugal,2009,389,31
Portugal,2010,384,30
Portugal,2011,408,28
Portugal,2012,483,32
Portugal,2013,598,32
Portugal,2014,699,31
Portugal,2015,853,28
Portugal,2016,1129,5
Qatar,1996,,18
Qatar,1997,,19
Qatar,1998,,23
Qatar,1999,6,8
Qatar,2000,31,1
Qatar,2001,67,
Qatar,2002,46,8
Qatar,2003,46,13
Qatar,2004,46,10
Qatar,2005,46,11
Qatar,2006,46,52
Qatar,2007,46,62
Qatar,2008,13,71
Qatar,2009,29,68
Qatar,2010,51,112
Qatar,2011,80,95
Qatar,2012,80,124
Qatar,2013,130,17
Qatar,2014,133,21
Qatar,2015,120,20
Qatar,2016,176,20
Romania,1996,269,11871
Romania,1997,640,8951
Romania,1998,989,10921
Romania,1999,1242,8558
Romania,2000,1685,7348
Romania,2001,1805,6052
Romania,2002,1857,8847
Romania,2003,2011,8387
Romania,2004,1627,5916
Romania,2005,2056,11502
Romania,2006,1658,7234
Romania,2007,1757,5306
Romania,2008,1596,4756
Romania,2009,1069,4358
Romania,2010,1021,3934
Romania,2011,1005,3428
Romania,2012,1262,2807
Romania,2013,1770,2330
Romania,2014,2182,1918
Romania,2015,2598,1735
Romania,2016,2855,1190
Russia,1996,246691,173723
Russia,1997,237720,198063
Russia,1998,128574,172730
Russia,1999,80060,28314
Russia,2000,26265,40310
Russia,2001,17970,45156
Russia,2002,14969,91626
Russia,2003,9899,96420
Russia,2004,1852,107975
Russia,2005,1523,103037
Russia,2006,1425,159381
Russia,2007,1655,93224
Russia,2008,3479,103061
Russia,2009,4880,109455
Russia,2010,4922,111948
Russia,2011,3914,109785
Russia,2012,3178,110588
Russia,2013,3458,74316
Russia,2014,235750,70562
Russia,2015,314507,67020
Russia,2016,228936,62737
Rwanda,1996,25257,469136
Rwanda,1997,34227,68003
Rwanda,1998,33403,77743
Rwanda,1999,34365,88944
Rwanda,2000,28398,119056
Rwanda,2001,34786,84513
Rwanda,2002,30863,75257
Rwanda,2003,36608,75263
Rwanda,2004,50221,63812
Rwanda,2005,45206,100264
Rwanda,2006,49192,92966
Rwanda,2007,53577,80964
Rwanda,2008,55062,72530
Rwanda,2009,54016,129109
Rwanda,2010,55398,115524
Rwanda,2011,55325,106833
Rwanda,2012,58212,97373
Rwanda,2013,73349,83955
Rwanda,2014,73820,79408
Rwanda,2015,144737,286366
Rwanda,2016,156055,286033
Saudi Arabia,1996,9852,242
Saudi Arabia,1997,5833,358
Saudi Arabia,1998,5531,362
Saudi Arabia,1999,5562,233
Saudi Arabia,2000,5309,77
Saudi Arabia,2001,245268,35
Saudi Arabia,2002,245290,109
Saudi Arabia,2003,240835,236
Saudi Arabia,2004,240552,214
Saudi Arabia,2005,240701,151
Saudi Arabia,2006,240772,617
Saudi Arabia,2007,240742,753
Saudi Arabia,2008,240572,712
Saudi Arabia,2009,575,633
Saudi Arabia,2010,582,667
Saudi Arabia,2011,599,745
Saudi Arabia,2012,577,818
Saudi Arabia,2013,559,584
Saudi Arabia,2014,561,630
Saudi Arabia,2015,125,701
Saudi Arabia,2016,136,897
Senegal,1996,65044,17631
Senegal,1997,57229,17163
Senegal,1998,60823,9716
Senegal,1999,21539,11606
Senegal,2000,20766,11088
Senegal,2001,20707,8559
Senegal,2002,20711,12069
Senegal,2003,20726,8351
Senegal,2004,20804,8332
Senegal,2005,20712,8671
Senegal,2006,20591,15163
Senegal,2007,20421,15896
Senegal,2008,33193,16006
Senegal,2009,22151,16305
Senegal,2010,20672,16267
Senegal,2011,20644,17722
Senegal,2012,14237,18724
Senegal,2013,14247,19822
Senegal,2014,14274,23118
Senegal,2015,14392,21280
Senegal,2016,14575,23019
Serbia,1996,,103967
Serbia,1997,,106654
Serbia,1998,,115292
Serbia,1999,,172509
Serbia,2000,,146748
Serbia,2001,,144231
Serbia,2002,,327587
Serbia,2003,,296632
Serbia,2004,,236999
Serbia,2005,,189989
Serbia,2006,98997,174027
Serbia,2007,97995,165643
Serbia,2008,96739,185935
Serbia,2009,86351,195626
Serbia,2010,73608,183289
Serbia,2011,70707,161671
Serbia,2012,66370,158908
Serbia,2013,57083,48725
Serbia,2014,43751,45733
Serbia,2015,35332,38628
Serbia,2016,36508,36898
Sierra Leone,1996,13532,375104
Sierra Leone,1997,13011,329327
Sierra Leone,1998,9866,406077
Sierra Leone,1999,6570,490061
Sierra Leone,2000,6546,402807
Sierra Leone,2001,10501,179113
Sierra Leone,2002,63494,141475
Sierra Leone,2003,61194,70580
Sierra Leone,2004,65437,41802
Sierra Leone,2005,59965,40477
Sierra Leone,2006,27365,42863
Sierra Leone,2007,8795,32127
Sierra Leone,2008,7826,32536
Sierra Leone,2009,9051,15417
Sierra Leone,2010,8363,11275
Sierra Leone,2011,8092,8002
Sierra Leone,2012,4204,6202
Sierra Leone,2013,2817,5311
Sierra Leone,2014,1372,4993
Sierra Leone,2015,760,4904
Sierra Leone,2016,683,4628
Singapore,1996,10,19
Singapore,1997,5,22
Singapore,1998,5,23
Singapore,1999,1,25
Singapore,2000,,22
Singapore,2001,2,16
Singapore,2002,2,39
Singapore,2003,1,35
Singapore,2004,1,36
Singapore,2005,3,39
Singapore,2006,1,111
Singapore,2007,10,116
Singapore,2008,10,109
Singapore,2009,7,80
Singapore,2010,7,76
Singapore,2011,3,67
Singapore,2012,3,68
Singapore,2013,3,65
Singapore,2014,3,59
Singapore,2015,,55
Singapore,2016,,33
Slovakia,1996,1387,57
Slovakia,1997,746,70
Slovakia,1998,424,143
Slovakia,1999,443,178
Slovakia,2000,457,220
Slovakia,2001,472,191
Slovakia,2002,444,595
Slovakia,2003,414,667
Slovakia,2004,409,619
Slovakia,2005,368,791
Slovakia,2006,248,741
Slovakia,2007,279,342
Slovakia,2008,317,331
Slovakia,2009,401,334
Slovakia,2010,461,158
Slovakia,2011,546,269
Slovakia,2012,662,239
Slovakia,2013,701,323
Slovakia,2014,799,319
Slovakia,2015,820,326
Slovakia,2016,955,792
Slovenia,1996,10014,3368
Slovenia,1997,5135,3414
Slovenia,1998,3465,3302
Slovenia,1999,4382,3295
Slovenia,2000,2816,3284
Slovenia,2001,2411,765
Slovenia,2002,390,858
Slovenia,2003,2069,610
Slovenia,2004,304,582
Slovenia,2005,251,155
Slovenia,2006,254,1760
Slovenia,2007,263,52
Slovenia,2008,268,52
Slovenia,2009,289,39
Slovenia,2010,314,38
Slovenia,2011,142,32
Slovenia,2012,176,34
Slovenia,2013,213,28
Slovenia,2014,257,26
Slovenia,2015,292,23
Slovenia,2016,439,15
Somalia,1996,700,636985
Somalia,1997,622,608094
Somalia,1998,337,557959
Somalia,1999,130,524613
Somalia,2000,558,475655
Somalia,2001,589,440134
Somalia,2002,199,432316
Somalia,2003,368,402336
Somalia,2004,357,389314
Somalia,2005,493,395553
Somalia,2006,669,464038
Somalia,2007,901,457356
Somalia,2008,1842,561155
Somalia,2009,1815,678309
Somalia,2010,1937,770154
Somalia,2011,2099,1077048
Somalia,2012,2309,1136719
Somalia,2013,2425,1121770
Somalia,2014,2729,1106434
Somalia,2015,8081,1123156
Somalia,2016,11559,1012277
South Africa,1996,22645,290
South Africa,1997,6819,244
South Africa,1998,8388,188
South Africa,1999,14538,193
South Africa,2000,15063,168
South Africa,2001,18605,123
South Africa,2002,23344,275
South Africa,2003,26558,288
South Africa,2004,27683,272
South Africa,2005,29714,268
South Africa,2006,35086,510
South Africa,2007,36736,474
South Africa,2008,43546,453
South Africa,2009,47974,384
South Africa,2010,57899,380
South Africa,2011,57899,429
South Africa,2012,65233,420
South Africa,2013,65987,423
South Africa,2014,112192,424
South Africa,2015,121645,450
South Africa,2016,90958,427
South Sudan,1996,,
South Sudan,1997,,
South Sudan,1998,,
South Sudan,1999,,
South Sudan,2000,,
South Sudan,2001,,
South Sudan,2002,,
South Sudan,2003,,
South Sudan,2004,,
South Sudan,2005,,
South Sudan,2006,,
South Sudan,2007,,
South Sudan,2008,,
South Sudan,2009,,
South Sudan,2010,,
South Sudan,2011,105023,1
South Sudan,2012,202581,87009
South Sudan,2013,229587,114470
South Sudan,2014,248152,616211
South Sudan,2015,263016,778718
South Sudan,2016,262548,1436667
Spain,1996,5688,218
Spain,1997,5532,215
Spain,1998,5939,60
Spain,1999,6714,53
Spain,2000,6987,80
Spain,2001,6806,48
Spain,2002,6780,58
Spain,2003,5900,53
Spain,2004,5686,49
Spain,2005,5374,49
Spain,2006,5275,2444
Spain,2007,5147,41
Spain,2008,4661,27
Spain,2009,3970,34
Spain,2010,3820,42
Spain,2011,4228,43
Spain,2012,4510,52
Spain,2013,4637,56
Spain,2014,5798,60
Spain,2015,6457,59
Spain,2016,12943,29
Sri Lanka,1996,14,109578
Sri Lanka,1997,26,122287
Sri Lanka,1998,29,114976
Sri Lanka,1999,21,116709
Sri Lanka,2000,16,124160
Sri Lanka,2001,17,122420
Sri Lanka,2002,28,133239
Sri Lanka,2003,30,122010
Sri Lanka,2004,63,114050
Sri Lanka,2005,106,108139
Sri Lanka,2006,162,116966
Sri Lanka,2007,182,134952
Sri Lanka,2008,269,137752
Sri Lanka,2009,251,145721
Sri Lanka,2010,223,141074
Sri Lanka,2011,188,136617
Sri Lanka,2012,110,132731
Sri Lanka,2013,145,123084
Sri Lanka,2014,511,122010
Sri Lanka,2015,784,121443
Sri Lanka,2016,597,117447
St. Vincent and the Grenadines,1996,,13
St. Vincent and the Grenadines,1997,,13
St. Vincent and the Grenadines,1998,,24
St. Vincent and the Grenadines,1999,,36
St. Vincent and the Grenadines,2000,,48
St. Vincent and the Grenadines,2001,,67
St. Vincent and the Grenadines,2002,,81
St. Vincent and the Grenadines,2003,,105
St. Vincent and the Grenadines,2004,,181
St. Vincent and the Grenadines,2005,,279
St. Vincent and the Grenadines,2006,,387
St. Vincent and the Grenadines,2007,,646
St. Vincent and the Grenadines,2008,,750
St. Vincent and the Grenadines,2009,,849
St. Vincent and the Grenadines,2010,,946
St. Vincent and the Grenadines,2011,,1127
St. Vincent and the Grenadines,2012,,1316
St. Vincent and the Grenadines,2013,,1535
St. Vincent and the Grenadines,2014,,1736
St. Vincent and the Grenadines,2015,,1823
St. Vincent and the Grenadines,2016,,1330
Sudan,1996,393874,475305
Sudan,1997,374415,364589
Sudan,1998,391496,390013
Sudan,1999,390995,485460
Sudan,2000,414928,494363
Sudan,2001,349209,489950
Sudan,2002,328176,508877
Sudan,2003,138163,606242
Sudan,2004,141588,730650
Sudan,2005,147256,693632
Sudan,2006,196200,686311
Sudan,2007,222722,523032
Sudan,2008,181605,419248
Sudan,2009,186292,368195
Sudan,2010,178308,387288
Sudan,2011,139415,500014
Sudan,2012,152194,568943
Sudan,2013,159857,648942
Sudan,2014,277833,665967
Sudan,2015,309639,627087
Sudan,2016,421454,650588
Suriname,1996,,754
Suriname,1997,11,663
Suriname,1998,,491
Suriname,1999,,411
Suriname,2000,,334
Suriname,2001,,237
Suriname,2002,,103
Suriname,2003,,70
Suriname,2004,,51
Suriname,2005,,29
Suriname,2006,,66
Suriname,2007,1,63
Suriname,2008,1,50
Suriname,2009,1,45
Suriname,2010,1,25
Suriname,2011,,20
Suriname,2012,,15
Suriname,2013,,17
Suriname,2014,,17
Suriname,2015,1,19
Suriname,2016,,16
Swaziland,1996,575,17
Swaziland,1997,592,20
Swaziland,1998,592,30
Swaziland,1999,616,28
Swaziland,2000,690,16
Swaziland,2001,690,15
Swaziland,2002,653,19
Swaziland,2003,686,5
Swaziland,2004,704,14
Swaziland,2005,760,13
Swaziland,2006,752,22
Swaziland,2007,789,25
Swaziland,2008,775,32
Swaziland,2009,759,32
Swaziland,2010,759,36
Swaziland,2011,759,43
Swaziland,2012,505,65
Swaziland,2013,507,109
Swaziland,2014,515,161
Swaziland,2015,696,220
Swaziland,2016,705,219
Sweden,1996,191171,38
Sweden,1997,186725,40
Sweden,1998,178795,41
Sweden,1999,159513,31
Sweden,2000,157220,18
Sweden,2001,146491,5
Sweden,2002,142193,28
Sweden,2003,112167,32
Sweden,2004,73408,29
Sweden,2005,74915,75
Sweden,2006,79913,16
Sweden,2007,75078,16
Sweden,2008,77038,15
Sweden,2009,81356,19
Sweden,2010,82629,25
Sweden,2011,86615,24
Sweden,2012,92872,20
Sweden,2013,114175,16
Sweden,2014,142207,18
Sweden,2015,169520,16
Sweden,2016,230103,8
Switzerland,1996,84413,33
Switzerland,1997,83203,55
Switzerland,1998,81903,77
Switzerland,1999,82298,91
Switzerland,2000,57653,70
Switzerland,2001,58494,61
Switzerland,2002,54113,56
Switzerland,2003,50144,35
Switzerland,2004,47678,12
Switzerland,2005,48030,16
Switzerland,2006,48523,36
Switzerland,2007,45653,31
Switzerland,2008,46132,32
Switzerland,2009,46203,18
Switzerland,2010,48813,19
Switzerland,2011,50416,20
Switzerland,2012,50747,17
Switzerland,2013,52464,15
Switzerland,2014,62620,19
Switzerland,2015,73336,17
Switzerland,2016,82608,
Syria,1996,375150,8609
Syria,1997,383906,8653
Syria,1998,391009,8126
Syria,1999,384856,6695
Syria,2000,390989,5871
Syria,2001,399599,4869
Syria,2002,408519,18913
Syria,2003,417508,20819
Syria,2004,437341,21439
Syria,2005,458137,16401
Syria,2006,1144572,12337
Syria,2007,1955236,13690
Syria,2008,1567595,15211
Syria,2009,1526575,17914
Syria,2010,1501442,18452
Syria,2011,1242391,19931
Syria,2012,975695,729022
Syria,2013,666547,2468332
Syria,2014,677756,3887491
Syria,2015,581113,4873243
Syria,2016,562811,5524333
Tajikistan,1996,1166,107503
Tajikistan,1997,2174,75878
Tajikistan,1998,3634,56349
Tajikistan,1999,4541,45167
Tajikistan,2000,15364,59940
Tajikistan,2001,15346,56108
Tajikistan,2002,3437,63267
Tajikistan,2003,3306,58936
Tajikistan,2004,1834,56780
Tajikistan,2005,1018,54753
Tajikistan,2006,929,645
Tajikistan,2007,1133,894
Tajikistan,2008,1799,544
Tajikistan,2009,2679,562
Tajikistan,2010,3131,577
Tajikistan,2011,3323,612
Tajikistan,2012,2248,674
Tajikistan,2013,2048,662
Tajikistan,2014,2026,725
Tajikistan,2015,1969,794
Tajikistan,2016,2719,910
Tanzania,1996,498732,65
Tanzania,1997,570367,66
Tanzania,1998,543881,102
Tanzania,1999,622203,118
Tanzania,2000,680862,313
Tanzania,2001,646900,378
Tanzania,2002,689373,580
Tanzania,2003,649770,711
Tanzania,2004,602088,985
Tanzania,2005,548824,1549
Tanzania,2006,485295,1667
Tanzania,2007,435630,1255
Tanzania,2008,321909,1270
Tanzania,2009,118731,1204
Tanzania,2010,109286,1144
Tanzania,2011,131243,1163
Tanzania,2012,101021,1122
Tanzania,2013,102099,1040
Tanzania,2014,88492,858
Tanzania,2015,211845,820
Tanzania,2016,281498,554
Thailand,1996,107962,284
Thailand,1997,169154,272
Thailand,1998,138332,295
Thailand,1999,100133,318
Thailand,2000,104965,217
Thailand,2001,110711,94
Thailand,2002,112614,344
Thailand,2003,119053,296
Thailand,2004,121139,319
Thailand,2005,117053,424
Thailand,2006,133117,3325
Thailand,2007,125643,2325
Thailand,2008,112932,1815
Thailand,2009,105297,502
Thailand,2010,96675,356
Thailand,2011,89253,368
Thailand,2012,84479,381
Thailand,2013,136499,222
Thailand,2014,130238,233
Thailand,2015,108261,222
Thailand,2016,106426,143
Timor-Leste,1996,,
Timor-Leste,1997,,
Timor-Leste,1998,,
Timor-Leste,1999,,162472
Timor-Leste,2000,,122202
Timor-Leste,2001,,73042
Timor-Leste,2002,1,28097
Timor-Leste,2003,3,127
Timor-Leste,2004,3,221
Timor-Leste,2005,3,251
Timor-Leste,2006,3,251
Timor-Leste,2007,1,6
Timor-Leste,2008,1,7
Timor-Leste,2009,1,7
Timor-Leste,2010,1,8
Timor-Leste,2011,,8
Timor-Leste,2012,,9
Timor-Leste,2013,,10
Timor-Leste,2014,,13
Timor-Leste,2015,,20
Timor-Leste,2016,,14
Togo,1996,12589,25593
Togo,1997,12682,7187
Togo,1998,11816,3506
Togo,1999,12113,3692
Togo,2000,12223,4016
Togo,2001,12257,4354
Togo,2002,12294,10448
Togo,2003,12395,10614
Togo,2004,11285,10819
Togo,2005,9287,51107
Togo,2006,6328,27332
Togo,2007,1328,22502
Togo,2008,9377,16750
Togo,2009,8531,18378
Togo,2010,14051,18330
Togo,2011,19270,17871
Togo,2012,23540,15693
Togo,2013,20613,10319
Togo,2014,21778,9276
Togo,2015,21953,8785
Togo,2016,12476,8286
Trinidad and Tobago,1996,,16
Trinidad and Tobago,1997,,21
Trinidad and Tobago,1998,,26
Trinidad and Tobago,1999,,25
Trinidad and Tobago,2000,,24
Trinidad and Tobago,2001,,16
Trinidad and Tobago,2002,,35
Trinidad and Tobago,2003,,38
Trinidad and Tobago,2004,,41
Trinidad and Tobago,2005,,63
Trinidad and Tobago,2006,,153
Trinidad and Tobago,2007,22,211
Trinidad and Tobago,2008,33,231
Trinidad and Tobago,2009,37,240
Trinidad and Tobago,2010,29,255
Trinidad and Tobago,2011,22,297
Trinidad and Tobago,2012,18,333
Trinidad and Tobago,2013,20,336
Trinidad and Tobago,2014,83,371
Trinidad and Tobago,2015,113,369
Trinidad and Tobago,2016,89,295
Tunisia,1996,176,406
Tunisia,1997,506,698
Tunisia,1998,528,932
Tunisia,1999,454,1240
Tunisia,2000,436,1207
Tunisia,2001,97,1368
Tunisia,2002,102,2543
Tunisia,2003,99,2563
Tunisia,2004,90,2518
Tunisia,2005,87,3129
Tunisia,2006,93,2845
Tunisia,2007,101,2507
Tunisia,2008,94,2349
Tunisia,2009,92,2260
Tunisia,2010,89,2174
Tunisia,2011,4097,1952
Tunisia,2012,1435,1935
Tunisia,2013,730,1363
Tunisia,2014,901,1485
Tunisia,2015,665,1567
Tunisia,2016,636,1667
Turkey,1996,8166,50354
Turkey,1997,2446,47341
Turkey,1998,2528,45019
Turkey,1999,2815,44012
Turkey,2000,3103,47155
Turkey,2001,3472,47090
Turkey,2002,3301,193704
Turkey,2003,2490,185098
Turkey,2004,3033,174574
Turkey,2005,2399,170567
Turkey,2006,2633,227232
Turkey,2007,6956,221939
Turkey,2008,11103,214378
Turkey,2009,10350,146387
Turkey,2010,10032,146794
Turkey,2011,14465,139779
Turkey,2012,267063,135372
Turkey,2013,609938,66575
Turkey,2014,1587374,63892
Turkey,2015,2541352,59558
Turkey,2016,2869379,57885
Turkmenistan,1996,15580,2937
Turkmenistan,1997,15787,3181
Turkmenistan,1998,14625,1562
Turkmenistan,1999,18464,1051
Turkmenistan,2000,14188,300
Turkmenistan,2001,14005,310
Turkmenistan,2002,13693,801
Turkmenistan,2003,13511,840
Turkmenistan,2004,13253,812
Turkmenistan,2005,11963,820
Turkmenistan,2006,750,692
Turkmenistan,2007,125,678
Turkmenistan,2008,79,736
Turkmenistan,2009,60,743
Turkmenistan,2010,62,738
Turkmenistan,2011,59,726
Turkmenistan,2012,46,723
Turkmenistan,2013,45,519
Turkmenistan,2014,35,484
Turkmenistan,2015,26,455
Turkmenistan,2016,26,346
Turks and Caicos Islands,1996,,
Turks and Caicos Islands,1997,,
Turks and Caicos Islands,1998,,
Turks and Caicos Islands,1999,,
Turks and Caicos Islands,2000,,
Turks and Caicos Islands,2001,,
Turks and Caicos Islands,2002,,
Turks and Caicos Islands,2003,,
Turks and Caicos Islands,2004,,
Turks and Caicos Islands,2005,,
Turks and Caicos Islands,2006,,1
Turks and Caicos Islands,2007,,1
Turks and Caicos Islands,2008,,1
Turks and Caicos Islands,2009,,1
Turks and Caicos Islands,2010,,1
Turks and Caicos Islands,2011,,14
Turks and Caicos Islands,2012,,14
Turks and Caicos Islands,2013,4,15
Turks and Caicos Islands,2014,4,15
Turks and Caicos Islands,2015,4,14
Turks and Caicos Islands,2016,,14
Uganda,1996,264294,28339
Uganda,1997,188513,55241
Uganda,1998,204545,13301
Uganda,1999,218191,13937
Uganda,2000,236622,32414
Uganda,2001,199736,40141
Uganda,2002,217302,40425
Uganda,2003,230903,35247
Uganda,2004,250482,31963
Uganda,2005,257256,34225
Uganda,2006,272007,21752
Uganda,2007,228959,21341
Uganda,2008,162132,7548
Uganda,2009,127345,7554
Uganda,2010,135801,6441
Uganda,2011,139448,5680
Uganda,2012,197877,5608
Uganda,2013,220555,8176
Uganda,2014,385513,7191
Uganda,2015,477187,6316
Uganda,2016,940815,6189
Ukraine,1996,3591,6107
Ukraine,1997,4564,6348
Ukraine,1998,6101,4596
Ukraine,1999,2697,12236
Ukraine,2000,2951,19312
Ukraine,2001,2983,26716
Ukraine,2002,2966,85265
Ukraine,2003,2877,94148
Ukraine,2004,2459,89579
Ukraine,2005,2346,84228
Ukraine,2006,2275,63723
Ukraine,2007,7277,25985
Ukraine,2008,7201,28424
Ukraine,2009,7334,24522
Ukraine,2010,3022,25111
Ukraine,2011,3176,25379
Ukraine,2012,2807,25256
Ukraine,2013,2968,5163
Ukraine,2014,3219,237625
Ukraine,2015,3273,321418
Ukraine,2016,3252,239048
United Arab Emirates,1996,464,
United Arab Emirates,1997,519,4
United Arab Emirates,1998,529,7
United Arab Emirates,1999,501,7
United Arab Emirates,2000,562,15
United Arab Emirates,2001,556,18
United Arab Emirates,2002,163,31
United Arab Emirates,2003,160,20
United Arab Emirates,2004,105,71
United Arab Emirates,2005,104,30
United Arab Emirates,2006,174,265
United Arab Emirates,2007,159,308
United Arab Emirates,2008,209,256
United Arab Emirates,2009,279,414
United Arab Emirates,2010,538,424
United Arab Emirates,2011,677,486
United Arab Emirates,2012,631,584
United Arab Emirates,2013,603,90
United Arab Emirates,2014,417,90
United Arab Emirates,2015,663,99
United Arab Emirates,2016,888,103
United Kingdom,1996,98577,73
United Kingdom,1997,107933,79
United Kingdom,1998,121716,92
United Kingdom,1999,148922,106
United Kingdom,2000,186248,113
United Kingdom,2001,233389,109
United Kingdom,2002,260687,164
United Kingdom,2003,276522,149
United Kingdom,2004,298844,144
United Kingdom,2005,303181,135
United Kingdom,2006,301556,174
United Kingdom,2007,299718,201
United Kingdom,2008,292097,185
United Kingdom,2009,269363,156
United Kingdom,2010,238150,153
United Kingdom,2011,193510,150
United Kingdom,2012,149799,153
United Kingdom,2013,126055,142
United Kingdom,2014,117234,141
United Kingdom,2015,123067,131
United Kingdom,2016,118913,78
United States,1996,607024,143
United States,1997,563837,75
United States,1998,533969,51
United States,1999,521143,41
United States,2000,508222,176
United States,2001,515853,219
United States,2002,485171,383
United States,2003,452548,395
United States,2004,420854,451
United States,2005,379340,683
United States,2006,843498,1356
United States,2007,281219,2174
United States,2008,279548,2137
United States,2009,275461,2368
United States,2010,264574,3026
United States,2011,264763,3778
United States,2012,262023,4456
United States,2013,263662,4760
United States,2014,267222,4987
United States,2015,273202,4832
United States,2016,272898,277
Uruguay,1996,138,201
Uruguay,1997,133,89
Uruguay,1998,163,74
Uruguay,1999,87,39
Uruguay,2000,79,51
Uruguay,2001,90,46
Uruguay,2002,99,61
Uruguay,2003,91,57
Uruguay,2004,97,81
Uruguay,2005,121,111
Uruguay,2006,125,163
Uruguay,2007,140,197
Uruguay,2008,145,199
Uruguay,2009,168,188
Uruguay,2010,189,186
Uruguay,2011,174,184
Uruguay,2012,181,171
Uruguay,2013,203,147
Uruguay,2014,272,124
Uruguay,2015,301,91
Uruguay,2016,274,13
Uzbekistan,1996,2900,69747
Uzbekistan,1997,3159,69069
Uzbekistan,1998,1071,51729
Uzbekistan,1999,1014,45533
Uzbekistan,2000,38350,3628
Uzbekistan,2001,39579,3458
Uzbekistan,2002,44936,6881
Uzbekistan,2003,44682,7391
Uzbekistan,2004,44455,7288
Uzbekistan,2005,43950,8323
Uzbekistan,2006,1415,9102
Uzbekistan,2007,1054,5663
Uzbekistan,2008,821,6308
Uzbekistan,2009,555,6669
Uzbekistan,2010,311,8840
Uzbekistan,2011,214,12664
Uzbekistan,2012,176,11593
Uzbekistan,2013,141,4952
Uzbekistan,2014,125,4795
Uzbekistan,2015,107,4206
Uzbekistan,2016,26,3809
Venezuela,1996,1596,557
Venezuela,1997,301,608
Venezuela,1998,158,570
Venezuela,1999,188,556
Venezuela,2000,132,471
Venezuela,2001,59,466
Venezuela,2002,58,526
Venezuela,2003,58,598
Venezuela,2004,244,1256
Venezuela,2005,408,2590
Venezuela,2006,720,3829
Venezuela,2007,200907,5094
Venezuela,2008,201161,5807
Venezuela,2009,201313,6221
Venezuela,2010,201547,6701
Venezuela,2011,202022,7577
Venezuela,2012,203644,8208
Venezuela,2013,204340,8395
Venezuela,2014,173600,8009
Venezuela,2015,173754,7454
Venezuela,2016,172017,7513
Vietnam,1996,34400,518340
Vietnam,1997,15000,476795
Vietnam,1998,15000,435437
Vietnam,1999,15000,405377
Vietnam,2000,15945,370758
Vietnam,2001,15945,353224
Vietnam,2002,15945,373741
Vietnam,2003,15360,363179
Vietnam,2004,2360,349780
Vietnam,2005,2357,358268
Vietnam,2006,2357,374279
Vietnam,2007,2357,327776
Vietnam,2008,2357,328183
Vietnam,2009,2357,339289
Vietnam,2010,1928,338698
Vietnam,2011,990,337829
Vietnam,2012,,336939
Vietnam,2013,,314107
Vietnam,2014,,313418
Vietnam,2015,,313155
Vietnam,2016,,329331
West Bank and Gaza,1996,1249368,80215
West Bank and Gaza,1997,1308438,76821
West Bank and Gaza,1998,1348288,77524
West Bank and Gaza,1999,1384655,100602
West Bank and Gaza,2000,1428891,110640
West Bank and Gaza,2001,1483394,349161
West Bank and Gaza,2002,1532589,428782
West Bank and Gaza,2003,1587920,350568
West Bank and Gaza,2004,1634952,350617
West Bank and Gaza,2005,1685851,349673
West Bank and Gaza,2006,1739266,334142
West Bank and Gaza,2007,1793901,341237
West Bank and Gaza,2008,1836123,340016
West Bank and Gaza,2009,1885188,95201
West Bank and Gaza,2010,2015855,93323
West Bank and Gaza,2011,1895043,94150
West Bank and Gaza,2012,1944544,94918
West Bank and Gaza,2013,1994493,96044
West Bank and Gaza,2014,2051098,97212
West Bank and Gaza,2015,2104001,98018
West Bank and Gaza,2016,2158274,97749
Yemen,1996,53546,1154
Yemen,1997,40964,1721
Yemen,1998,61382,1935
Yemen,1999,60477,2022
Yemen,2000,60545,2113
Yemen,2001,69468,1985
Yemen,2002,82803,1600
Yemen,2003,61881,1597
Yemen,2004,66384,1606
Yemen,2005,81937,1325
Yemen,2006,95794,1362
Yemen,2007,117363,1632
Yemen,2008,140169,1777
Yemen,2009,170854,1934
Yemen,2010,190092,2076
Yemen,2011,214740,2323
Yemen,2012,237182,2594
Yemen,2013,241288,2428
Yemen,2014,257645,2631
Yemen,2015,267173,15897
Yemen,2016,269763,18396
Zambia,1996,131139,40
Zambia,1997,165072,63
Zambia,1998,168564,77
Zambia,1999,206386,87
Zambia,2000,250940,98
Zambia,2001,284173,62
Zambia,2002,246765,92
Zambia,2003,226697,100
Zambia,2004,173907,124
Zambia,2005,155718,151
Zambia,2006,120253,203
Zambia,2007,112931,196
Zambia,2008,83485,195
Zambia,2009,56785,206
Zambia,2010,47857,228
Zambia,2011,45632,240
Zambia,2012,25653,243
Zambia,2013,23594,232
Zambia,2014,25578,316
Zambia,2015,26447,344
Zambia,2016,29338,246
Zimbabwe,1996,595,34
Zimbabwe,1997,806,38
Zimbabwe,1998,1655,42
Zimbabwe,1999,2071,43
Zimbabwe,2000,4127,109
Zimbabwe,2001,8706,257
Zimbabwe,2002,9432,4030
Zimbabwe,2003,12721,7162
Zimbabwe,2004,6884,9568
Zimbabwe,2005,13850,11251
Zimbabwe,2006,3519,12782
Zimbabwe,2007,3981,14374
Zimbabwe,2008,3468,16841
Zimbabwe,2009,3995,22449
Zimbabwe,2010,4435,24089
Zimbabwe,2011,4561,25048
Zimbabwe,2012,4356,22101
Zimbabwe,2013,6389,19734
Zimbabwe,2014,6079,22492
Zimbabwe,2015,6950,21344
Zimbabwe,2016,7418,18116